member_id,user_email,date_joined,room_id
1,hdunphie0@ted.com,8/31/2018,1004
2,hedmands1@biglobe.ne.jp,3/8/2018,1001
3,swhitelaw2@phpbb.com,12/5/2017,1021
4,hvondrach3@shinystat.com,1/29/2018,1016
5,mmccreadie4@guardian.co.uk,1/6/2018,1013
6,rkenan5@amazon.co.uk,6/11/2018,1010
7,tjacqueminot6@pagesperso-orange.fr,10/9/2018,1016
8,ccarrol7@amazon.de,10/4/2018,1028
9,hharbron8@wordpress.com,1/16/2018,1002
10,chorsfield9@indiatimes.com,7/7/2018,1015
11,pshercliffa@sciencedirect.com,2/10/2018,1016
12,rfilipczynskib@shinystat.com,9/12/2018,1030
13,sdallisonc@elegantthemes.com,8/7/2018,1012
14,hgurgd@bloglovin.com,8/15/2018,1030
15,ishephearde@usgs.gov,10/5/2018,1012
16,fdeavallf@yahoo.com,2/19/2018,1021
17,cthorntondewhirstg@narod.ru,3/10/2018,1003
18,mlouisoth@cpanel.net,11/29/2017,1023
19,ysausmani@thetimes.co.uk,1/16/2018,1024
20,lcortezj@bizjournals.com,5/11/2018,1002
21,llandreank@huffingtonpost.com,4/25/2018,1007
22,lcoathaml@surveymonkey.com,5/16/2018,1001
23,nmacgillm@hibu.com,10/8/2018,1021
24,abecconsalln@liveinternet.ru,1/9/2018,1006
25,eclaridgeo@so-net.ne.jp,9/3/2018,1004
26,renriquesp@ucla.edu,1/5/2018,1008
27,astammlerq@webmd.com,6/11/2018,1000
28,mballingalr@msn.com,6/13/2018,1019
29,nsmithsons@bigcartel.com,10/25/2018,1002
30,lreat@timesonline.co.uk,4/17/2018,1011
31,pblaiklocku@bloglovin.com,4/17/2018,1016
32,wcayfordv@wikispaces.com,11/29/2017,1025
33,kgreyesw@taobao.com,5/5/2018,1000
34,kliberox@freewebs.com,9/10/2018,1014
35,rtanny@mashable.com,3/1/2018,1015
36,npavoliniz@domainmarket.com,2/10/2018,1025
37,kwrotchford10@drupal.org,5/27/2018,1005
38,pdodswell11@i2i.jp,12/13/2017,1020
39,bmedlin12@google.es,12/23/2017,1005
40,tsnelling13@harvard.edu,3/14/2018,1029
41,bcopplestone14@businessinsider.com,4/18/2018,1021
42,mmcffaden15@example.com,3/23/2018,1009
43,okeeble16@redcross.org,8/18/2018,1029
44,zdiment17@dyndns.org,12/15/2017,1016
45,ndrage18@mail.ru,3/14/2018,1016
46,asamways19@github.com,10/5/2018,1004
47,dreisen1a@elpais.com,10/10/2018,1003
48,acocking1b@tuttocitta.it,4/20/2018,1024
49,adorsay1c@irs.gov,5/10/2018,1016
50,lbilbery1d@blog.com,9/29/2018,1020
51,hcawthra1e@infoseek.co.jp,12/9/2017,1008
52,cbaudts1f@globo.com,4/17/2018,1013
53,spigeram1g@jugem.jp,2/4/2018,1010
54,adaen1h@earthlink.net,8/6/2018,1019
55,kbalcombe1i@cisco.com,10/5/2018,1005
56,obrave1j@theatlantic.com,10/27/2018,1012
57,sgloves1k@hao123.com,2/19/2018,1015
58,scanceller1l@topsy.com,9/1/2018,1026
59,aflooks1m@addtoany.com,12/6/2017,1004
60,dgoldsbury1n@europa.eu,5/15/2018,1009
61,mdyerson1o@google.pl,7/2/2018,1001
62,gkalberer1p@163.com,8/30/2018,1006
63,pklimushev1q@huffingtonpost.com,7/12/2018,1012
64,liveans1r@biblegateway.com,11/3/2018,1001
65,mzoppie1s@qq.com,8/4/2018,1021
66,cgornall1t@icq.com,3/17/2018,1028
67,jkennewell1u@etsy.com,5/6/2018,1012
68,mparkins1v@so-net.ne.jp,2/20/2018,1027
69,gsneyd1w@furl.net,10/5/2018,1002
70,mkonertz1x@bbc.co.uk,2/4/2018,1022
71,ibaskerville1y@who.int,3/9/2018,1029
72,feixenberger1z@ustream.tv,5/21/2018,1000
73,ghamon20@marketwatch.com,2/19/2018,1028
74,breye21@gravatar.com,1/19/2018,1029
75,boosthoutdevree22@examiner.com,10/26/2018,1008
76,bmuckleston23@whitehouse.gov,6/4/2018,1002
77,vhariot24@themeforest.net,9/21/2018,1020
78,tboken25@nih.gov,12/26/2017,1005
79,mantoszczyk26@ifeng.com,4/20/2018,1026
80,hmcmorland27@prweb.com,5/9/2018,1028
81,pjedrzejkiewicz28@ebay.com,8/30/2018,1024
82,mkearns29@hhs.gov,9/29/2018,1000
83,cfortye2a@biblegateway.com,2/27/2018,1012
84,asteptowe2b@cyberchimps.com,8/3/2018,1027
85,csyseland2c@list-manage.com,6/25/2018,1023
86,bbosomworth2d@statcounter.com,7/16/2018,1023
87,lhalkyard2e@abc.net.au,11/4/2018,1023
88,achesters2f@businessinsider.com,3/10/2018,1004
89,bhurdle2g@bigcartel.com,3/25/2018,1015
90,sangrick2h@utexas.edu,12/18/2017,1005
91,ralldritt2i@yahoo.co.jp,2/21/2018,1008
92,lbunworth2j@amazon.co.jp,5/4/2018,1019
93,dbodd2k@dailymotion.com,2/9/2018,1000
94,lsamways2l@storify.com,4/1/2018,1026
95,mkeelinge2m@tripadvisor.com,8/16/2018,1023
96,msore2n@1688.com,9/30/2018,1001
97,kdepper2o@freewebs.com,8/12/2018,1023
98,rhassur2p@edublogs.org,11/11/2018,1014
99,ccostock2q@umich.edu,3/31/2018,1012
100,cbarwell2r@addthis.com,7/24/2018,1009
101,jshillam2s@diigo.com,7/23/2018,1020
102,tmonelli2t@ebay.co.uk,1/28/2018,1029
103,atreadgall2u@oracle.com,2/28/2018,1029
104,mshemmin2v@hhs.gov,3/15/2018,1005
105,osorrill2w@fastcompany.com,2/11/2018,1023
106,scurrom2x@redcross.org,4/8/2018,1010
107,jglowacha2y@techcrunch.com,9/17/2018,1020
108,ageorger2z@biblegateway.com,5/6/2018,1016
109,stigwell30@hostgator.com,2/20/2018,1006
110,pdain31@npr.org,8/13/2018,1027
111,lkuhnt32@oracle.com,3/14/2018,1018
112,kkuhl33@princeton.edu,12/4/2017,1021
113,xmcmakin34@edublogs.org,7/31/2018,1015
114,strask35@upenn.edu,6/9/2018,1021
115,crooze36@vimeo.com,4/22/2018,1022
116,itamblyn37@multiply.com,4/22/2018,1021
117,blettice38@guardian.co.uk,3/22/2018,1001
118,cmacelholm39@baidu.com,7/4/2018,1012
119,skubasek3a@artisteer.com,2/18/2018,1007
120,fgratland3b@rakuten.co.jp,1/25/2018,1029
121,tmarty3c@microsoft.com,8/11/2018,1014
122,rwilsone3d@wp.com,10/13/2018,1023
123,mmccreery3e@umich.edu,8/14/2018,1001
124,fburl3f@infoseek.co.jp,1/25/2018,1022
125,kellingsworth3g@google.es,2/7/2018,1022
126,shuddart3h@aol.com,11/30/2017,1005
127,rdisbrey3i@seattletimes.com,11/2/2018,1017
128,glough3j@vk.com,11/16/2018,1003
129,shabbert3k@comcast.net,8/24/2018,1006
130,cmundee3l@cnet.com,12/21/2017,1002
131,awinslade3m@nature.com,5/7/2018,1015
132,cjordeson3n@dion.ne.jp,10/12/2018,1022
133,ostollsteimer3o@census.gov,3/11/2018,1018
134,ggourlie3p@networksolutions.com,6/18/2018,1013
135,apetrulis3q@home.pl,7/29/2018,1005
136,bbuffin3r@nbcnews.com,3/9/2018,1027
137,nflecknell3s@g.co,12/10/2017,1002
138,lroma3t@umn.edu,9/1/2018,1011
139,cstefi3u@marketwatch.com,3/4/2018,1025
140,awarrack3v@yandex.ru,11/13/2018,1006
141,emccaughey3w@omniture.com,2/11/2018,1010
142,getienne3x@dell.com,3/28/2018,1003
143,mcossons3y@google.cn,11/15/2018,1018
144,ttoppes3z@oakley.com,8/12/2018,1003
145,etuff40@boston.com,1/20/2018,1000
146,rrattry41@princeton.edu,6/25/2018,1017
147,rfritchly42@google.ru,12/22/2017,1018
148,mruberti43@angelfire.com,4/4/2018,1030
149,blaunchbury44@house.gov,1/4/2018,1019
150,dnorcott45@yandex.ru,7/5/2018,1023
151,ebraemer46@wp.com,11/18/2018,1018
152,sbisley47@booking.com,11/4/2018,1014
153,dcrowson48@nytimes.com,7/7/2018,1008
154,lmaund49@oakley.com,7/21/2018,1006
155,gskrines4a@hud.gov,5/16/2018,1022
156,sverdun4b@list-manage.com,7/29/2018,1016
157,dgrayshan4c@mac.com,7/13/2018,1026
158,lpether4d@merriam-webster.com,2/14/2018,1028
159,gdorey4e@hibu.com,1/1/2018,1027
160,mczaja4f@google.pl,3/4/2018,1012
161,vcoller4g@google.pl,8/12/2018,1003
162,nbyford4h@theatlantic.com,3/11/2018,1013
163,jthredder4i@mayoclinic.com,4/22/2018,1019
164,clabitt4j@npr.org,3/2/2018,1009
165,sriall4k@arstechnica.com,8/22/2018,1009
166,ccorbally4l@umich.edu,8/17/2018,1027
167,sgaskin4m@prlog.org,2/15/2018,1021
168,bcornill4n@reddit.com,1/23/2018,1027
169,wnewbatt4o@businessweek.com,4/20/2018,1011
170,pflescher4p@prnewswire.com,5/13/2018,1017
171,dsodory4q@myspace.com,11/29/2017,1010
172,acairns4r@hp.com,1/4/2018,1009
173,fcape4s@netvibes.com,5/27/2018,1024
174,bpourveer4t@gravatar.com,10/21/2018,1015
175,rattack4u@jugem.jp,7/18/2018,1008
176,pkybbye4v@bloglovin.com,12/5/2017,1027
177,elesurf4w@over-blog.com,9/13/2018,1021
178,ncancellor4x@adobe.com,8/14/2018,1002
179,bsimnor4y@nifty.com,6/23/2018,1006
180,epresman4z@earthlink.net,4/25/2018,1006
181,agalero50@photobucket.com,8/21/2018,1027
182,epally51@elpais.com,11/28/2017,1004
183,mratnage52@i2i.jp,5/23/2018,1015
184,gjouannisson53@hc360.com,8/8/2018,1000
185,nhonacker54@ifeng.com,1/22/2018,1028
186,ltomczynski55@utexas.edu,1/11/2018,1014
187,lmarkushkin56@soup.io,5/7/2018,1011
188,gcoburn57@dedecms.com,3/31/2018,1002
189,mkenzie58@vk.com,2/28/2018,1014
190,upallant59@lulu.com,10/20/2018,1009
191,aforesight5a@toplist.cz,2/26/2018,1020
192,ahydechambers5b@mit.edu,5/13/2018,1022
193,lcarus5c@wikispaces.com,3/4/2018,1019
194,crattenbury5d@census.gov,1/7/2018,1015
195,ctibald5e@phpbb.com,11/27/2017,1024
196,wfairest5f@wix.com,7/8/2018,1001
197,ytiptaft5g@jigsy.com,2/18/2018,1009
198,rtuckett5h@umich.edu,8/13/2018,1003
199,oglusby5i@archive.org,4/29/2018,1006
200,sshowt5j@addthis.com,11/1/2018,1027
201,kwhitewood5k@cmu.edu,3/25/2018,1029
202,rciccoloi5l@sakura.ne.jp,8/21/2018,1008
203,mfrid5m@ucla.edu,4/30/2018,1013
204,jbentjens5n@sourceforge.net,6/19/2018,1005
205,byuryichev5o@toplist.cz,12/13/2017,1008
206,mfroschauer5p@51.la,7/30/2018,1010
207,doshiel5q@booking.com,10/10/2018,1009
208,mantosch5r@domainmarket.com,10/22/2018,1023
209,rscarrisbrick5s@infoseek.co.jp,9/21/2018,1019
210,satwool5t@163.com,9/22/2018,1015
211,gounsworth5u@godaddy.com,9/24/2018,1030
212,rshayler5v@php.net,8/1/2018,1016
213,vfrowd5w@acquirethisname.com,4/25/2018,1004
214,csudworth5x@tamu.edu,5/18/2018,1008
215,cporkiss5y@wikimedia.org,11/13/2018,1030
216,cpontain5z@newsvine.com,10/4/2018,1001
217,amatthisson60@over-blog.com,6/11/2018,1010
218,datwood61@nytimes.com,6/21/2018,1016
219,jportriss62@sciencedirect.com,5/15/2018,1009
220,agulliman63@bandcamp.com,12/19/2017,1018
221,kgothliff64@deviantart.com,11/14/2018,1014
222,sbougourd65@msu.edu,11/1/2018,1028
223,msimonutti66@unesco.org,11/5/2018,1020
224,cdobson67@baidu.com,1/16/2018,1022
225,lovershott68@cafepress.com,11/2/2018,1030
226,ibartoshevich69@hibu.com,9/29/2018,1011
227,fhencke6a@kickstarter.com,1/28/2018,1014
228,efloat6b@ted.com,11/1/2018,1019
229,jvanderhoven6c@4shared.com,10/1/2018,1001
230,cstairmond6d@state.gov,4/12/2018,1024
231,satlee6e@merriam-webster.com,7/24/2018,1010
232,dmertsching6f@fema.gov,5/10/2018,1015
233,kbowkett6g@symantec.com,3/31/2018,1004
234,tbeartup6h@kickstarter.com,9/6/2018,1013
235,gwattingham6i@comcast.net,7/10/2018,1020
236,ctuckie6j@ifeng.com,5/5/2018,1018
237,astoving6k@theguardian.com,12/17/2017,1002
238,mcasetti6l@newsvine.com,4/3/2018,1024
239,cgovett6m@1688.com,9/27/2018,1004
240,gbeevor6n@nps.gov,8/24/2018,1026
241,nrosbotham6o@hostgator.com,8/15/2018,1015
242,lenga6p@barnesandnoble.com,4/9/2018,1009
243,ksalkeld6q@bandcamp.com,8/3/2018,1019
244,akellart6r@cam.ac.uk,8/25/2018,1011
245,ybasire6s@nps.gov,3/12/2018,1014
246,mkern6t@dot.gov,6/2/2018,1028
247,aboston6u@typepad.com,1/24/2018,1020
248,dhouldin6v@yahoo.co.jp,6/7/2018,1006
249,lmattingly6w@mapy.cz,7/15/2018,1024
250,nscandrick6x@about.me,1/6/2018,1030
251,cpancast6y@fc2.com,5/2/2018,1005
252,vfoy6z@facebook.com,1/12/2018,1028
253,skingsmill70@independent.co.uk,3/12/2018,1001
254,carboin71@yellowbook.com,8/19/2018,1013
255,aamberson72@linkedin.com,7/18/2018,1008
256,dsutherland73@nbcnews.com,12/4/2017,1018
257,hlode74@mit.edu,7/29/2018,1002
258,glupton75@w3.org,6/26/2018,1023
259,klaxston76@biblegateway.com,10/8/2018,1030
260,wprue77@wordpress.org,4/4/2018,1022
261,lseagrave78@freewebs.com,11/29/2017,1000
262,jclemes79@disqus.com,12/26/2017,1030
263,pbennetts7a@berkeley.edu,3/23/2018,1012
264,jrottery7b@topsy.com,8/30/2018,1008
265,sciccarelli7c@latimes.com,4/11/2018,1004
266,bdavsley7d@photobucket.com,2/20/2018,1011
267,dkubal7e@paypal.com,12/5/2017,1009
268,bbaunton7f@fda.gov,10/1/2018,1005
269,bcoenraets7g@geocities.com,12/27/2017,1029
270,jdebruijn7h@tumblr.com,7/18/2018,1007
271,rsongist7i@deliciousdays.com,4/7/2018,1018
272,nbeall7j@hp.com,11/19/2018,1001
273,mstannard7k@angelfire.com,5/25/2018,1022
274,blombardo7l@geocities.jp,5/17/2018,1003
275,adangl7m@baidu.com,3/9/2018,1028
276,twearne7n@ca.gov,4/18/2018,1006
277,amalone7o@ow.ly,3/26/2018,1004
278,ggehrts7p@biblegateway.com,3/28/2018,1007
279,spocklington7q@soundcloud.com,11/19/2018,1016
280,zcoulston7r@bing.com,1/16/2018,1006
281,chlavecek7s@paginegialle.it,1/16/2018,1029
282,owaight7t@nih.gov,1/14/2018,1024
283,lvasentsov7u@abc.net.au,2/4/2018,1024
284,pdrinkel7v@wunderground.com,10/2/2018,1014
285,kmorriss7w@nhs.uk,6/11/2018,1030
286,ttynnan7x@wikimedia.org,10/24/2018,1011
287,uguidetti7y@auda.org.au,6/23/2018,1014
288,ftaylerson7z@cpanel.net,5/29/2018,1014
289,stordoff80@nbcnews.com,12/10/2017,1020
290,cbettridge81@time.com,3/2/2018,1004
291,pcastelot82@wikispaces.com,3/8/2018,1022
292,wcrownshaw83@narod.ru,11/1/2018,1002
293,mbestman84@netlog.com,3/19/2018,1010
294,devill85@nih.gov,1/30/2018,1021
295,brosenblad86@howstuffworks.com,2/8/2018,1025
296,mmethringham87@pcworld.com,1/10/2018,1030
297,iaspole88@utexas.edu,7/23/2018,1000
298,hiacofo89@furl.net,5/7/2018,1021
299,ascotchmer8a@simplemachines.org,8/19/2018,1019
300,apadden8b@youku.com,11/6/2018,1020
301,zgleadle8c@yolasite.com,6/27/2018,1008
302,aianson8d@nifty.com,10/20/2018,1020
303,rkalberer8e@redcross.org,10/15/2018,1007
304,mcoil8f@blog.com,11/9/2018,1015
305,mlawtie8g@baidu.com,3/31/2018,1030
306,clobbe8h@berkeley.edu,7/15/2018,1024
307,jaubry8i@com.com,11/2/2018,1013
308,bduchenne8j@nifty.com,10/6/2018,1013
309,adomney8k@go.com,12/17/2017,1008
310,icampelli8l@chicagotribune.com,1/27/2018,1029
311,bgrigoroni8m@patch.com,4/7/2018,1023
312,ffrensche8n@independent.co.uk,7/10/2018,1018
313,jtrask8o@icq.com,8/18/2018,1025
314,hrikkard8p@uol.com.br,10/9/2018,1019
315,bouslem8q@indiegogo.com,3/24/2018,1011
316,edenisovich8r@hostgator.com,4/14/2018,1010
317,vdurston8s@pagesperso-orange.fr,2/18/2018,1010
318,hvala8t@photobucket.com,4/6/2018,1012
319,dlitster8u@e-recht24.de,9/20/2018,1000
320,yayliffe8v@hp.com,6/1/2018,1014
321,tcottle8w@mac.com,11/25/2018,1014
322,gghio8x@blogspot.com,6/21/2018,1003
323,tiscowitz8y@elpais.com,2/19/2018,1021
324,jleirmonth8z@macromedia.com,6/24/2018,1009
325,wfounds90@senate.gov,7/31/2018,1010
326,kgerhold91@salon.com,8/10/2018,1004
327,jding92@woothemes.com,2/8/2018,1030
328,ucrookshanks93@goodreads.com,11/6/2018,1013
329,ealen94@g.co,10/28/2018,1018
330,pcoll95@reddit.com,12/21/2017,1005
331,mgraalmans96@google.co.uk,12/9/2017,1010
332,kdooler97@smugmug.com,9/26/2018,1006
333,esalt98@toplist.cz,1/22/2018,1028
334,cworssam99@google.de,8/4/2018,1015
335,jharraway9a@about.com,11/26/2018,1014
336,curpeth9b@uiuc.edu,4/22/2018,1021
337,cweakley9c@desdev.cn,4/3/2018,1030
338,akleine9d@exblog.jp,3/6/2018,1007
339,nswadlinge9e@youtu.be,10/31/2018,1000
340,edebling9f@shop-pro.jp,3/27/2018,1005
341,apanketh9g@php.net,3/11/2018,1001
342,ckenington9h@craigslist.org,7/25/2018,1020
343,jbozward9i@delicious.com,12/20/2017,1005
344,gkitchiner9j@yolasite.com,11/26/2018,1029
345,gaxten9k@csmonitor.com,2/11/2018,1023
346,gshurmore9l@scribd.com,9/30/2018,1012
347,pinsko9m@sina.com.cn,1/21/2018,1014
348,gpretswell9n@spotify.com,10/5/2018,1022
349,cbalcock9o@gov.uk,3/23/2018,1007
350,gskoof9p@comcast.net,10/3/2018,1012
351,bdancy9q@nature.com,1/31/2018,1019
352,fharkess9r@4shared.com,12/9/2017,1020
353,fsignore9s@hhs.gov,5/26/2018,1015
354,cbrackpool9t@ustream.tv,5/3/2018,1029
355,cmaccallester9u@woothemes.com,9/13/2018,1019
356,adorkins9v@japanpost.jp,11/6/2018,1026
357,wlathaye9w@utexas.edu,9/21/2018,1005
358,bburtt9x@nifty.com,5/10/2018,1006
359,bconrart9y@illinois.edu,4/17/2018,1009
360,mjandl9z@nifty.com,11/3/2018,1018
361,askehensa0@vk.com,5/5/2018,1019
362,wstrovera1@rakuten.co.jp,8/28/2018,1014
363,drustmana2@oaic.gov.au,9/15/2018,1007
364,vpollacka3@instagram.com,8/9/2018,1012
365,adewanea4@is.gd,12/10/2017,1011
366,fwilacota5@bbb.org,2/15/2018,1012
367,ltrickeya6@sogou.com,8/20/2018,1018
368,cpapierza7@ucla.edu,2/8/2018,1025
369,kshaya8@narod.ru,12/16/2017,1018
370,amcclarencea9@columbia.edu,1/1/2018,1004
371,csmewingsaa@statcounter.com,2/17/2018,1013
372,aohlsenab@jigsy.com,5/31/2018,1005
373,gmarchentac@columbia.edu,10/29/2018,1001
374,hkaesmansad@devhub.com,2/5/2018,1001
375,soguzae@google.de,12/8/2017,1014
376,lmaslinaf@blinklist.com,3/19/2018,1011
377,wpagramag@tripod.com,3/30/2018,1029
378,hlivettah@geocities.jp,3/26/2018,1025
379,eturbatai@businessweek.com,8/25/2018,1016
380,cfaulderaj@youtu.be,1/13/2018,1024
381,myurkinak@smh.com.au,12/22/2017,1008
382,lkrzyzanowskial@phpbb.com,3/9/2018,1004
383,mbarrandam@unicef.org,3/14/2018,1026
384,rgratlandan@chronoengine.com,6/25/2018,1021
385,tzapaterao@cam.ac.uk,9/26/2018,1018
386,ttranfieldap@addtoany.com,11/6/2018,1028
387,cshawcroftaq@homestead.com,8/19/2018,1003
388,aovensar@alibaba.com,4/27/2018,1012
389,fjeanesas@technorati.com,10/25/2018,1019
390,gregiat@hubpages.com,7/7/2018,1009
391,agrimbleau@usda.gov,2/4/2018,1023
392,kgillebertav@meetup.com,11/25/2018,1018
393,hswindinaw@whitehouse.gov,2/6/2018,1000
394,porgillax@dagondesign.com,6/19/2018,1023
395,kspickettay@taobao.com,7/10/2018,1008
396,fhelksaz@wunderground.com,7/31/2018,1017
397,gstrowgerb0@so-net.ne.jp,8/20/2018,1006
398,sosgodbyb1@qq.com,9/18/2018,1022
399,ograyb2@foxnews.com,5/20/2018,1022
400,cpickupb3@fotki.com,11/7/2018,1023
401,tskeggsb4@bloglovin.com,1/31/2018,1007
402,hcorpeb5@cisco.com,11/18/2018,1000
403,bquickfallb6@icio.us,5/26/2018,1015
404,trosserb7@youku.com,4/8/2018,1025
405,rtheodoreb8@delicious.com,1/24/2018,1018
406,rsysonb9@arizona.edu,10/25/2018,1019
407,ncleynaertba@baidu.com,2/20/2018,1022
408,avasilmanovbb@gizmodo.com,9/18/2018,1019
409,hmacneishbc@163.com,12/24/2017,1005
410,belpheebd@examiner.com,5/26/2018,1015
411,jsmelleybe@cnet.com,9/22/2018,1003
412,lchurcherbf@csmonitor.com,9/28/2018,1007
413,bkrolmanbg@deviantart.com,3/13/2018,1013
414,deulerbh@walmart.com,12/5/2017,1005
415,spersittbi@baidu.com,10/6/2018,1023
416,ipaffettbj@wisc.edu,8/28/2018,1019
417,aalleynebk@yolasite.com,4/25/2018,1021
418,dbartolomeottibl@dailymotion.com,1/31/2018,1028
419,hwhitleybm@timesonline.co.uk,10/13/2018,1025
420,enutkinsbn@sogou.com,8/19/2018,1022
421,tfominovbo@earthlink.net,5/25/2018,1021
422,pwetherbybp@howstuffworks.com,9/7/2018,1011
423,gimlockbq@addthis.com,4/12/2018,1006
424,mdrysdallbr@sitemeter.com,8/8/2018,1009
425,mscoginbs@gmpg.org,2/2/2018,1025
426,jdunseathbt@cargocollective.com,8/30/2018,1027
427,pheinishbu@booking.com,3/19/2018,1011
428,ltowllbv@furl.net,2/2/2018,1012
429,sjoelbw@trellian.com,10/7/2018,1030
430,mrenfieldbx@tiny.cc,8/2/2018,1010
431,ccanningsby@prnewswire.com,4/7/2018,1020
432,matwaterbz@360.cn,1/14/2018,1019
433,fhymusc0@ucsd.edu,4/30/2018,1030
434,salmondc1@cafepress.com,5/14/2018,1024
435,reitterc2@oakley.com,12/14/2017,1030
436,jhutchencec3@nytimes.com,3/12/2018,1027
437,tstanmorec4@google.com.br,11/20/2018,1012
438,cvielc5@alibaba.com,2/11/2018,1004
439,jlightollerc6@columbia.edu,3/22/2018,1016
440,rgraddonc7@howstuffworks.com,5/18/2018,1018
441,vthornbarrowc8@guardian.co.uk,1/23/2018,1001
442,rbonelliec9@noaa.gov,7/6/2018,1022
443,dschlaghca@google.ru,11/3/2018,1030
444,wguirardincb@tripadvisor.com,3/26/2018,1004
445,keppsoncc@webeden.co.uk,10/19/2018,1007
446,asquibbscd@ocn.ne.jp,3/26/2018,1017
447,mhearonsce@cloudflare.com,2/24/2018,1030
448,rgoadbycf@1688.com,3/23/2018,1002
449,fworstallcg@google.ca,11/9/2018,1004
450,abeddoch@shinystat.com,9/1/2018,1028
451,cheffordci@reference.com,12/15/2017,1005
452,hrollocj@adobe.com,9/11/2018,1014
453,espraggck@cbc.ca,8/27/2018,1019
454,gcakebreadcl@bloglines.com,5/29/2018,1029
455,jreysoncm@mail.ru,1/16/2018,1018
456,jburrowscn@sourceforge.net,1/14/2018,1017
457,cpudseyco@woothemes.com,8/18/2018,1024
458,kpattissoncp@domainmarket.com,3/6/2018,1030
459,wpetrushankocq@walmart.com,7/28/2018,1013
460,vgawencr@gravatar.com,9/7/2018,1013
461,ekrojncs@elpais.com,9/15/2018,1001
462,uwrittlect@furl.net,11/8/2018,1008
463,lgibbiecu@networksolutions.com,5/17/2018,1027
464,kausellocv@goodreads.com,4/27/2018,1027
465,shusseycw@tiny.cc,10/4/2018,1027
466,onorthcx@apache.org,1/16/2018,1002
467,gfitzalancy@linkedin.com,10/5/2018,1024
468,rjarradcz@europa.eu,11/9/2018,1015
469,nrivalandd0@va.gov,7/4/2018,1009
470,tgettoned1@friendfeed.com,6/30/2018,1008
471,akoenend2@guardian.co.uk,1/13/2018,1021
472,emcdougaldd3@reference.com,2/21/2018,1010
473,rbaxilld4@arstechnica.com,6/5/2018,1000
474,dbrodbind5@ifeng.com,8/15/2018,1005
475,fvicareyd6@mashable.com,11/24/2018,1000
476,smalitrottd7@nature.com,3/5/2018,1029
477,rkennettd8@apache.org,1/10/2018,1001
478,ybroxtond9@umn.edu,5/26/2018,1004
479,rbloodworthda@istockphoto.com,1/4/2018,1002
480,apurledb@jalbum.net,11/2/2018,1019
481,kdorewarddc@boston.com,7/6/2018,1015
482,gglauberdd@msn.com,2/28/2018,1020
483,eottewellde@desdev.cn,11/5/2018,1020
484,rdedhamdf@bloglovin.com,4/5/2018,1003
485,lkinzedg@yahoo.co.jp,5/11/2018,1011
486,astrewtherdh@vimeo.com,2/18/2018,1006
487,cmacdonelldi@spiegel.de,11/24/2018,1026
488,achesterdj@xinhuanet.com,4/23/2018,1030
489,selvinsdk@photobucket.com,10/3/2018,1001
490,bskitchdl@youtube.com,5/23/2018,1014
491,knorleydm@slate.com,11/15/2018,1003
492,lshepstonedn@studiopress.com,4/2/2018,1013
493,vpinckneydo@cbsnews.com,11/21/2018,1006
494,mkubesdp@histats.com,6/2/2018,1012
495,joldacresdq@123-reg.co.uk,2/9/2018,1023
496,abrysondr@accuweather.com,6/15/2018,1018
497,nogusds@discuz.net,9/22/2018,1025
498,lmadelindt@usa.gov,7/30/2018,1030
499,awastelldu@ovh.net,3/29/2018,1020
500,msinnottdv@1688.com,7/5/2018,1016
501,amcilmoriedw@home.pl,2/8/2018,1007
502,achapleodx@nytimes.com,6/22/2018,1027
503,bboldrydy@imdb.com,12/1/2017,1019
504,kmillichipdz@facebook.com,11/30/2017,1022
505,ssmartmane0@booking.com,11/23/2018,1020
506,itotteme1@engadget.com,9/10/2018,1019
507,rkerinse2@google.com.au,5/16/2018,1021
508,sdelascie3@yandex.ru,3/27/2018,1030
509,tmorralleee4@yandex.ru,6/23/2018,1026
510,mmclernone5@youtube.com,10/2/2018,1011
511,rroderigoe6@goo.ne.jp,11/8/2018,1029
512,mmullindere7@cbslocal.com,5/29/2018,1010
513,tpettegreee8@elpais.com,10/17/2018,1023
514,lgoudye9@altervista.org,9/11/2018,1024
515,krambautea@goo.ne.jp,8/30/2018,1008
516,dbrideauxeb@nba.com,7/1/2018,1026
517,cwestmorlandec@wikispaces.com,11/12/2018,1027
518,oeburahed@house.gov,8/8/2018,1006
519,zwarboyee@twitpic.com,8/19/2018,1002
520,lgodwinef@blog.com,6/17/2018,1009
521,ycordnereg@skype.com,7/6/2018,1027
522,dmceniryeh@nhs.uk,4/22/2018,1015
523,hboshellei@wordpress.org,5/5/2018,1015
524,teisikowitchej@amazon.co.uk,11/24/2018,1028
525,kriddeek@time.com,9/14/2018,1027
526,fsergeanel@wunderground.com,2/24/2018,1023
527,rdjurdjevicem@baidu.com,9/23/2018,1010
528,rdealeyen@netscape.com,9/18/2018,1011
529,tmcarteeo@hibu.com,8/26/2018,1008
530,asodeauep@dedecms.com,2/5/2018,1011
531,hdemaineeq@springer.com,2/10/2018,1014
532,phawser@reverbnation.com,7/1/2018,1020
533,dbrazeneres@discuz.net,2/23/2018,1001
534,bmangamet@boston.com,10/4/2018,1002
535,tsouthcombeeu@networkadvertising.org,1/27/2018,1024
536,rspancockev@unc.edu,4/10/2018,1018
537,csinneyew@barnesandnoble.com,9/21/2018,1019
538,rvinsenex@google.cn,12/8/2017,1005
539,rlebruney@example.com,12/7/2017,1014
540,gshevelinez@fotki.com,12/12/2017,1029
541,landreuf0@twitter.com,10/22/2018,1023
542,vcumberlandf1@webnode.com,5/13/2018,1029
543,twildboref2@bbc.co.uk,9/23/2018,1005
544,lhamsharf3@elegantthemes.com,2/27/2018,1027
545,xvidyapinf4@tinypic.com,4/4/2018,1003
546,stufff5@miitbeian.gov.cn,11/23/2018,1002
547,ymacfadyenf6@hibu.com,3/4/2018,1016
548,fedgerf7@goo.gl,2/10/2018,1005
549,kyearsleyf8@yelp.com,2/17/2018,1022
550,ctellenbrokerf9@prlog.org,6/12/2018,1029
551,hmorralleefa@cdbaby.com,5/4/2018,1021
552,mrosekillyfb@ihg.com,6/15/2018,1029
553,tforanfc@myspace.com,9/26/2018,1014
554,ccottierfd@ocn.ne.jp,11/6/2018,1001
555,jzanettife@whitehouse.gov,5/30/2018,1018
556,mshutleff@scribd.com,7/6/2018,1023
557,hsimonfg@skyrock.com,1/7/2018,1001
558,cbennfh@bloglines.com,1/10/2018,1017
559,caguilarfi@hostgator.com,3/19/2018,1029
560,faimsonfj@themeforest.net,5/13/2018,1016
561,cleningfk@eepurl.com,3/18/2018,1003
562,tgookeyfl@howstuffworks.com,10/1/2018,1007
563,fmccaughanfm@surveymonkey.com,2/14/2018,1011
564,akingzetfn@hubpages.com,10/5/2018,1018
565,lhayballfo@weibo.com,6/2/2018,1029
566,rdorrellfp@ask.com,7/20/2018,1012
567,erustonfq@discuz.net,10/15/2018,1025
568,mcluattfr@multiply.com,8/25/2018,1003
569,krosenboimfs@myspace.com,1/3/2018,1004
570,lvandalenft@sciencedirect.com,5/9/2018,1007
571,eganforthfu@msu.edu,7/6/2018,1001
572,tvilliersfv@meetup.com,4/1/2018,1016
573,jgaythorpefw@wikispaces.com,6/4/2018,1010
574,agligoracifx@eepurl.com,5/7/2018,1000
575,cairetonfy@springer.com,2/8/2018,1006
576,msutterfz@instagram.com,6/4/2018,1010
577,rpalferyg0@wisc.edu,7/22/2018,1005
578,msalzbergerg1@dropbox.com,8/13/2018,1008
579,eceillierg2@people.com.cn,4/14/2018,1025
580,apeotzg3@blogs.com,5/7/2018,1028
581,apirolinig4@accuweather.com,9/13/2018,1019
582,rmarcomeg5@privacy.gov.au,1/19/2018,1005
583,mbolesmag6@ebay.co.uk,4/10/2018,1028
584,kgloyensg7@forbes.com,6/14/2018,1025
585,rdutnallg8@senate.gov,2/5/2018,1003
586,sdobbyg9@exblog.jp,12/16/2017,1011
587,ddeeksga@cam.ac.uk,12/14/2017,1020
588,scrocroftgb@kickstarter.com,6/20/2018,1012
589,sgerckengc@chron.com,4/21/2018,1004
590,aprestigegd@printfriendly.com,10/6/2018,1003
591,lmccafferkyge@independent.co.uk,7/7/2018,1007
592,smeyrickgf@reuters.com,3/13/2018,1000
593,jgrinawaygg@globo.com,8/30/2018,1007
594,trulergh@de.vu,3/25/2018,1024
595,foxnamgi@shop-pro.jp,9/10/2018,1027
596,pvandrielgj@infoseek.co.jp,7/11/2018,1006
597,marmangk@bluehost.com,4/25/2018,1022
598,klouthegl@plala.or.jp,8/1/2018,1016
599,delstowgm@networkadvertising.org,12/24/2017,1028
600,sprodrickgn@surveymonkey.com,10/8/2018,1014
601,wertgo@cornell.edu,9/19/2018,1006
602,jtimewellgp@squarespace.com,11/13/2018,1000
603,rmaccostyegq@diigo.com,10/29/2018,1020
604,egallichicciogr@youtu.be,1/31/2018,1012
605,hgerholdgs@slate.com,7/1/2018,1021
606,jpoplegt@whitehouse.gov,6/24/2018,1027
607,cblouetgu@scribd.com,6/9/2018,1019
608,tbyrdgv@imgur.com,5/7/2018,1028
609,gbernardinigw@dailymail.co.uk,11/15/2018,1005
610,pramsbothamgx@typepad.com,10/16/2018,1015
611,bgaudingy@mit.edu,10/2/2018,1024
612,cnijsgz@wordpress.org,11/13/2018,1011
613,eganingh0@360.cn,8/10/2018,1007
614,smackessockh1@blog.com,11/1/2018,1025
615,jtaborh2@networksolutions.com,7/11/2018,1000
616,kgatfieldh3@statcounter.com,3/15/2018,1028
617,hpouletth4@angelfire.com,11/22/2018,1002
618,bsmuthh5@narod.ru,6/22/2018,1005
619,rhowtopreserveh6@foxnews.com,10/15/2018,1006
620,aschouthedeh7@sciencedaily.com,12/23/2017,1002
621,jfontenoth8@wisc.edu,3/21/2018,1026
622,pkervinh9@dailymail.co.uk,10/24/2018,1025
623,apimerha@amazon.de,2/1/2018,1001
624,gmaccaffertyhb@dell.com,3/24/2018,1010
625,isilkstonehc@bluehost.com,4/22/2018,1000
626,kmasedonhd@shop-pro.jp,2/15/2018,1003
627,amaynellhe@wisc.edu,3/4/2018,1029
628,jrosellihf@dedecms.com,9/20/2018,1023
629,rrysomhg@meetup.com,12/20/2017,1000
630,kcurraghhh@bizjournals.com,10/22/2018,1024
631,msvaninihi@shareasale.com,5/18/2018,1017
632,mgallandershj@engadget.com,12/17/2017,1003
633,bricholdhk@de.vu,6/24/2018,1013
634,mblindehl@omniture.com,6/26/2018,1025
635,sfairhamhm@gmpg.org,1/28/2018,1003
636,mgrosierhn@va.gov,7/24/2018,1000
637,lbeldamho@ifeng.com,1/6/2018,1000
638,pwinskillhp@mysql.com,12/4/2017,1021
639,jbloyhq@dmoz.org,1/26/2018,1007
640,lpesselhr@simplemachines.org,5/14/2018,1016
641,larrellhs@livejournal.com,10/19/2018,1004
642,abeinht@sogou.com,3/2/2018,1025
643,ilambishu@list-manage.com,1/14/2018,1025
644,mmcturkhv@prnewswire.com,8/19/2018,1011
645,hlaskeyhw@cocolog-nifty.com,6/21/2018,1022
646,htungayhx@homestead.com,1/31/2018,1000
647,akubinhy@angelfire.com,9/14/2018,1005
648,hbafordhz@buzzfeed.com,11/29/2017,1026
649,zrixoni0@sourceforge.net,5/29/2018,1005
650,rcrosoeri1@usatoday.com,10/21/2018,1024
651,sbutsoni2@studiopress.com,7/22/2018,1026
652,sbettridgei3@tmall.com,1/23/2018,1023
653,sculleni4@house.gov,7/22/2018,1003
654,snorgani5@1688.com,3/18/2018,1000
655,ntiplingi6@amazon.co.jp,4/18/2018,1000
656,lboxi7@unblog.fr,2/7/2018,1003
657,ispottswoodi8@mlb.com,6/6/2018,1023
658,cserjeanti9@sciencedirect.com,8/18/2018,1022
659,pflowerdewia@vinaora.com,1/6/2018,1023
660,blennardib@drupal.org,12/26/2017,1012
661,lshovellic@pbs.org,4/18/2018,1027
662,kbartoszinskiid@ca.gov,7/14/2018,1013
663,pjuddie@hostgator.com,7/6/2018,1007
664,hatlayif@discovery.com,9/16/2018,1003
665,jalandig@reddit.com,1/20/2018,1003
666,sschuchmacherih@bloglovin.com,5/6/2018,1021
667,rrawleii@livejournal.com,10/24/2018,1015
668,acollenij@sbwire.com,6/21/2018,1025
669,rfildesik@cargocollective.com,10/30/2018,1008
670,jfurberil@tmall.com,5/8/2018,1016
671,djanaszkiewiczim@wikispaces.com,4/12/2018,1020
672,ltatnellin@fda.gov,9/27/2018,1022
673,nfeeheryio@opera.com,1/9/2018,1015
674,smaturaip@opensource.org,9/26/2018,1016
675,lfosheriq@tumblr.com,9/1/2018,1025
676,kspeekir@unblog.fr,7/13/2018,1012
677,mmainsis@cbc.ca,2/13/2018,1022
678,dludyeit@netscape.com,1/7/2018,1030
679,hbrameiu@lulu.com,10/27/2018,1005
680,apurkinsiv@google.pl,1/28/2018,1027
681,mjackettiw@github.io,6/21/2018,1001
682,vheapsix@youku.com,5/1/2018,1003
683,wjaukoviciy@prweb.com,7/22/2018,1006
684,gcancuttiz@vkontakte.ru,6/26/2018,1022
685,plarkinj0@ca.gov,9/8/2018,1016
686,askerrettj1@oracle.com,9/30/2018,1025
687,wabdonj2@deviantart.com,8/28/2018,1007
688,rallmondj3@hostgator.com,6/8/2018,1001
689,mmordeyj4@sitemeter.com,6/6/2018,1019
690,hailwardj5@house.gov,11/19/2018,1024
691,rcailj6@vkontakte.ru,4/19/2018,1021
692,eloughlanj7@eventbrite.com,4/19/2018,1022
693,romrodj8@delicious.com,7/17/2018,1022
694,zbunworthj9@globo.com,3/21/2018,1020
695,jdeakesja@feedburner.com,6/13/2018,1013
696,mthorlbyjb@vimeo.com,10/29/2018,1021
697,ebueyjc@prlog.org,10/28/2018,1009
698,nkirragejd@blog.com,10/28/2018,1005
699,zcroftje@telegraph.co.uk,11/12/2018,1008
700,mrosendorfjf@linkedin.com,4/4/2018,1002
701,cquinceyjg@independent.co.uk,3/23/2018,1029
702,rhinrichjh@google.cn,7/27/2018,1003
703,njaquestji@pbs.org,6/30/2018,1030
704,mbalhatchetjj@state.gov,4/10/2018,1026
705,jfosherjk@dailymail.co.uk,8/21/2018,1016
706,ishevlanejl@umn.edu,8/22/2018,1020
707,cfarranjm@geocities.jp,8/9/2018,1022
708,hboguejn@1und1.de,12/23/2017,1010
709,mdyerjo@jimdo.com,1/28/2018,1026
710,gstychejp@toplist.cz,8/28/2018,1009
711,gcollomossejq@sbwire.com,6/14/2018,1007
712,uaxtenjr@pagesperso-orange.fr,3/14/2018,1026
713,ghendriksenjs@jalbum.net,9/20/2018,1017
714,swoodwinjt@reddit.com,4/18/2018,1027
715,dwoodroughju@about.com,5/1/2018,1023
716,ufonquerniejv@wikipedia.org,12/28/2017,1028
717,lpressmanjw@etsy.com,7/28/2018,1015
718,cwoolardjx@sbwire.com,2/9/2018,1002
719,ehulettjy@baidu.com,1/5/2018,1004
720,dswatheridgejz@pcworld.com,4/15/2018,1023
721,ltomak0@sitemeter.com,12/16/2017,1011
722,fchinnockk1@google.co.uk,1/17/2018,1029
723,cpothecaryk2@clickbank.net,11/12/2018,1003
724,kgouchk3@phpbb.com,11/21/2018,1011
725,fchoppenk4@yolasite.com,9/2/2018,1000
726,cwyeldk5@foxnews.com,9/25/2018,1025
727,hholtk6@webnode.com,11/22/2018,1024
728,kdiffleyk7@google.ru,6/3/2018,1022
729,grosenwaldk8@icq.com,7/21/2018,1000
730,rcamberk9@geocities.jp,1/2/2018,1000
731,cjertzka@slideshare.net,12/14/2017,1017
732,olowdwellkb@freewebs.com,3/7/2018,1009
733,dkhominkc@latimes.com,2/25/2018,1005
734,twarrackkd@sun.com,8/4/2018,1003
735,aocrottyke@telegraph.co.uk,11/6/2018,1012
736,kninnolikf@gizmodo.com,8/31/2018,1002
737,agrestyekg@ifeng.com,6/17/2018,1003
738,rloughtonkh@printfriendly.com,6/28/2018,1023
739,flambdonki@gravatar.com,2/5/2018,1004
740,itomkieskj@ovh.net,12/21/2017,1015
741,mmangenetkk@imageshack.us,9/25/2018,1003
742,ntippettkl@pinterest.com,3/1/2018,1017
743,nbatchelorkm@utexas.edu,5/6/2018,1009
744,wwhimpkn@cdbaby.com,10/28/2018,1017
745,srandalsonko@live.com,4/29/2018,1020
746,fstubskp@wiley.com,9/26/2018,1029
747,jjenneykq@geocities.jp,11/3/2018,1005
748,nfletcherkr@nps.gov,5/30/2018,1003
749,rfearbyks@bigcartel.com,2/19/2018,1013
750,pnorthcliffekt@aboutads.info,10/14/2018,1008
751,ggeggku@house.gov,8/15/2018,1021
752,gortonkv@jimdo.com,1/10/2018,1016
753,lfayerbrotherkw@nature.com,8/24/2018,1010
754,idemeiskx@comcast.net,11/7/2018,1013
755,emanthorpeky@wikispaces.com,4/20/2018,1007
756,pterrankz@usda.gov,5/15/2018,1022
757,mjacobbel0@hibu.com,8/30/2018,1009
758,swibrowl1@xinhuanet.com,3/21/2018,1005
759,btalesl2@ocn.ne.jp,6/4/2018,1020
760,rvalekl3@biblegateway.com,3/27/2018,1004
761,kcandlishl4@ifeng.com,3/9/2018,1022
762,kbeezel5@php.net,11/15/2018,1004
763,cpengillyl6@umn.edu,5/25/2018,1019
764,gliffl7@sina.com.cn,4/29/2018,1008
765,ftuttiettl8@cbsnews.com,4/3/2018,1027
766,teykelhofl9@lycos.com,5/30/2018,1017
767,kheusticela@umn.edu,5/30/2018,1001
768,bmartinlb@edublogs.org,8/1/2018,1021
769,cstonehewerlc@webs.com,10/1/2018,1008
770,rtomankiewiczld@washington.edu,12/13/2017,1014
771,aallmenle@php.net,4/25/2018,1021
772,cpayleylf@rambler.ru,4/30/2018,1012
773,jshalcroslg@cargocollective.com,5/7/2018,1004
774,arichelh@macromedia.com,5/15/2018,1013
775,dbearhamli@apple.com,6/29/2018,1008
776,rglasscocklj@delicious.com,9/9/2018,1015
777,smatuszkiewiczlk@shutterfly.com,2/17/2018,1020
778,acorneyll@fastcompany.com,3/17/2018,1023
779,tmellonlm@businesswire.com,2/12/2018,1001
780,sbiasiln@yandex.ru,4/19/2018,1015
781,djudgelo@1und1.de,5/6/2018,1017
782,ahapkelp@hp.com,10/18/2018,1001
783,kbourgeslq@ted.com,12/28/2017,1009
784,lcirloslr@bluehost.com,4/11/2018,1006
785,ckarpmanls@google.fr,12/20/2017,1018
786,tpughsleylt@i2i.jp,8/14/2018,1006
787,ashimwelllu@wisc.edu,10/7/2018,1019
788,slowelllv@multiply.com,4/19/2018,1003
789,cibbisonlw@cnn.com,4/11/2018,1019
790,sgotcliffelx@paypal.com,3/15/2018,1014
791,holekly@altervista.org,1/9/2018,1026
792,fsporelz@msu.edu,8/1/2018,1000
793,mwootonm0@ovh.net,11/19/2018,1017
794,ihendersonm1@shop-pro.jp,5/19/2018,1012
795,lgiraultm2@wisc.edu,6/15/2018,1011
796,hkyttorm3@earthlink.net,1/16/2018,1012
797,mhousonm4@telegraph.co.uk,2/1/2018,1021
798,obodhamm5@about.com,7/24/2018,1017
799,rmcglashanm6@psu.edu,2/10/2018,1005
800,gbarronm7@nytimes.com,11/20/2018,1019
801,jmcurem8@cnet.com,12/27/2017,1003
802,gsichm9@spiegel.de,8/27/2018,1027
803,ktabardma@netscape.com,4/21/2018,1011
804,dgeddesmb@princeton.edu,11/28/2017,1002
805,kborrelmc@wp.com,10/20/2018,1027
806,jaubraymd@globo.com,10/31/2018,1005
807,mwerndlyme@jigsy.com,10/28/2018,1020
808,dhampsonmf@pbs.org,10/7/2018,1029
809,bfilbymg@indiatimes.com,4/11/2018,1003
810,reymermh@nih.gov,8/1/2018,1024
811,rchaperlingmi@nyu.edu,4/28/2018,1024
812,rpalamj@histats.com,12/30/2017,1013
813,ebriztmanmk@psu.edu,1/7/2018,1006
814,isilcocksml@drupal.org,10/4/2018,1006
815,smccaugheymm@cyberchimps.com,6/18/2018,1004
816,fmartinhomn@businessinsider.com,1/5/2018,1027
817,abulliventmo@theatlantic.com,12/10/2017,1016
818,nspurriermp@yandex.ru,9/14/2018,1015
819,rsizemq@edublogs.org,7/22/2018,1029
820,mharnettymr@cbslocal.com,10/19/2018,1004
821,vwimpressms@imageshack.us,1/19/2018,1021
822,rvyvyanmt@gizmodo.com,2/6/2018,1017
823,clabatmu@zimbio.com,11/25/2018,1004
824,asimoninmv@comsenz.com,5/5/2018,1025
825,cheightmw@tmall.com,5/28/2018,1009
826,cfuxmanmx@huffingtonpost.com,6/24/2018,1011
827,aivchenkomy@meetup.com,9/24/2018,1018
828,kkillelaymz@prnewswire.com,2/1/2018,1026
829,dpobjoyn0@seattletimes.com,7/24/2018,1007
830,rbeamishn1@craigslist.org,4/29/2018,1010
831,rdigancen2@slashdot.org,11/21/2018,1003
832,acoddringtonn3@aboutads.info,4/15/2018,1013
833,ishewn4@blinklist.com,9/28/2018,1023
834,reakensn5@rediff.com,3/31/2018,1014
835,eamangern6@nature.com,2/19/2018,1013
836,fpavien7@psu.edu,7/23/2018,1008
837,sdanetn8@ibm.com,6/16/2018,1023
838,cbombn9@google.co.uk,10/11/2018,1015
839,cklemensiewiczna@123-reg.co.uk,3/19/2018,1000
840,tvaslernb@google.ca,12/28/2017,1006
841,lrevelandnc@phoca.cz,7/15/2018,1015
842,dheynsnd@ox.ac.uk,6/15/2018,1021
843,astetsonne@devhub.com,11/13/2018,1010
844,vthorroldnf@ask.com,3/15/2018,1004
845,mtyddng@domainmarket.com,8/12/2018,1030
846,rgrubynh@nationalgeographic.com,7/3/2018,1006
847,lfussieni@nature.com,6/12/2018,1011
848,rjeskinnj@vistaprint.com,1/15/2018,1015
849,gnerneynk@jimdo.com,12/6/2017,1005
850,fdutchnl@admin.ch,3/19/2018,1000
851,myukhovnm@shinystat.com,5/11/2018,1027
852,ewarnocknn@mozilla.org,6/17/2018,1004
853,krosensteinno@livejournal.com,10/11/2018,1010
854,ngiamonp@ebay.co.uk,2/17/2018,1020
855,smaypesnq@bluehost.com,9/26/2018,1014
856,fgasknr@diigo.com,6/3/2018,1018
857,kworpolens@engadget.com,8/9/2018,1030
858,rrawsthornnt@nbcnews.com,6/15/2018,1028
859,bolynnnu@unc.edu,4/16/2018,1000
860,mmccaheynv@amazon.de,9/14/2018,1018
861,aelphinstonenw@fema.gov,8/5/2018,1012
862,borrissnx@privacy.gov.au,5/7/2018,1011
863,bzumbuschny@github.io,9/13/2018,1010
864,ssoaresnz@jiathis.com,2/25/2018,1003
865,emcmeekano0@lycos.com,8/28/2018,1018
866,cmurdocho1@de.vu,1/11/2018,1015
867,jgothardo2@diigo.com,3/11/2018,1015
868,rcreenano3@disqus.com,1/16/2018,1014
869,ggribbleo4@tamu.edu,12/9/2017,1007
870,tguinaneo5@wp.com,2/14/2018,1010
871,ctreagusto6@instagram.com,4/29/2018,1013
872,tfarloeo7@weebly.com,6/28/2018,1013
873,jblazejewskio8@dell.com,2/4/2018,1018
874,aladburyo9@t-online.de,7/17/2018,1007
875,adoileyoa@nifty.com,8/16/2018,1008
876,lhogbourneob@cbslocal.com,10/22/2018,1018
877,cibesonoc@ox.ac.uk,12/5/2017,1006
878,dravensod@hugedomains.com,2/10/2018,1020
879,gdollaroe@cloudflare.com,3/30/2018,1015
880,kmcculloghof@netscape.com,1/2/2018,1022
881,nlebellog@marketwatch.com,7/6/2018,1025
882,gdonanoh@bbb.org,7/14/2018,1020
883,mstaversoi@npr.org,11/7/2018,1010
884,zwrefordoj@psu.edu,9/30/2018,1027
885,ojirasekok@blogger.com,7/30/2018,1012
886,tgiacubool@jigsy.com,6/13/2018,1013
887,vgoodbarrom@lulu.com,12/15/2017,1021
888,dmacdaidon@mail.ru,9/11/2018,1003
889,chollowsoo@si.edu,6/11/2018,1025
890,aaddisonop@narod.ru,7/18/2018,1000
891,fcollsoq@deliciousdays.com,3/9/2018,1014
892,mjollieor@ifeng.com,3/20/2018,1014
893,ukomorowskios@slideshare.net,12/17/2017,1023
894,beickeot@cisco.com,12/1/2017,1016
895,mcomelliniou@godaddy.com,5/10/2018,1013
896,bdampov@harvard.edu,12/18/2017,1004
897,mgoncaloow@abc.net.au,2/12/2018,1007
898,dsketox@hao123.com,6/17/2018,1010
899,tgabbettoy@prweb.com,1/2/2018,1010
900,ocornessoz@cloudflare.com,12/13/2017,1012
901,hpleassp0@amazon.de,5/14/2018,1002
902,rtraicep1@networksolutions.com,11/26/2018,1020
903,bwannanp2@accuweather.com,5/13/2018,1028
904,gmorrallp3@opensource.org,6/21/2018,1029
905,rdeavinp4@squidoo.com,8/22/2018,1002
906,spoundsfordp5@columbia.edu,3/31/2018,1007
907,mpetrovskyp6@bigcartel.com,1/29/2018,1001
908,cmaxwellp7@wikimedia.org,5/1/2018,1025
909,klagop8@time.com,10/14/2018,1007
910,ewadesworthp9@gizmodo.com,7/20/2018,1030
911,bfretwellpa@privacy.gov.au,7/22/2018,1022
912,tmolineuxpb@wp.com,12/14/2017,1028
913,mmeacherpc@webeden.co.uk,4/29/2018,1007
914,aharuardpd@dyndns.org,8/31/2018,1003
915,ipriscottpe@craigslist.org,2/4/2018,1009
916,stanfieldpf@arizona.edu,8/24/2018,1023
917,hdrooganpg@senate.gov,4/5/2018,1002
918,gberndtssonph@behance.net,4/7/2018,1003
919,mfronczakpi@cornell.edu,9/7/2018,1026
920,calvenpj@sakura.ne.jp,10/28/2018,1016
921,ssharphurstpk@csmonitor.com,7/25/2018,1023
922,hdallynpl@shinystat.com,1/19/2018,1023
923,nluardpm@nifty.com,11/9/2018,1029
924,cmoretpn@examiner.com,11/10/2018,1016
925,belphickpo@imgur.com,10/9/2018,1009
926,nwelhampp@weather.com,6/6/2018,1020
927,klapreepq@sphinn.com,2/24/2018,1005
928,brembrantpr@usgs.gov,7/16/2018,1006
929,dkubups@fda.gov,10/8/2018,1030
930,olovattpt@go.com,6/8/2018,1019
931,bbeanypu@imdb.com,12/14/2017,1006
932,dflannpv@usda.gov,6/23/2018,1017
933,moldershawpw@gnu.org,1/7/2018,1006
934,bgillpx@ezinearticles.com,6/12/2018,1006
935,dtowrisspy@tinyurl.com,8/13/2018,1027
936,jtottpz@vimeo.com,3/13/2018,1011
937,mwillmontq0@vinaora.com,1/30/2018,1004
938,dmaberq1@rakuten.co.jp,2/11/2018,1011
939,dmatzaitisq2@bbc.co.uk,7/4/2018,1021
940,sbrunickeq3@uiuc.edu,1/24/2018,1012
941,adesmondq4@globo.com,5/2/2018,1013
942,kdallmannq5@indiatimes.com,3/29/2018,1011
943,cguillonq6@tmall.com,4/16/2018,1001
944,hharlingq7@umn.edu,11/26/2018,1012
945,hjohnstonq8@msn.com,5/18/2018,1027
946,cholleyq9@newsvine.com,5/22/2018,1012
947,sbunchqa@dailymotion.com,8/30/2018,1002
948,rtoderiqb@hhs.gov,5/9/2018,1018
949,rmeiklejohnqc@netlog.com,6/2/2018,1022
950,gdowdqd@ifeng.com,6/15/2018,1003
951,ahairesnapeqe@t-online.de,11/27/2017,1012
952,drhymerqf@odnoklassniki.ru,1/27/2018,1010
953,streagustqg@yahoo.co.jp,6/1/2018,1014
954,mcolloughqh@fotki.com,6/16/2018,1014
955,cmintoqi@microsoft.com,3/24/2018,1008
956,mmcinerneyqj@pcworld.com,3/13/2018,1005
957,nmcloneyqk@dedecms.com,11/21/2018,1011
958,vpallatinaql@zdnet.com,5/26/2018,1002
959,fisaacqm@lycos.com,4/29/2018,1017
960,lholdqn@lycos.com,12/18/2017,1000
961,espareyqo@mail.ru,12/30/2017,1023
962,rmarrqp@bbb.org,8/23/2018,1016
963,eratnegeqq@qq.com,11/10/2018,1021
964,bmerrimentqr@yellowbook.com,4/9/2018,1010
965,cyvonqs@qq.com,7/18/2018,1023
966,cdiangeloqt@newsvine.com,11/19/2018,1030
967,bbiaggelliqu@imageshack.us,2/7/2018,1022
968,akesbyqv@slideshare.net,10/16/2018,1013
969,gphelpsqw@census.gov,3/20/2018,1000
970,hoglevieqx@census.gov,4/29/2018,1001
971,iphillipqy@mysql.com,7/11/2018,1013
972,lmarlonqz@cdbaby.com,4/26/2018,1014
973,eaudleyr0@house.gov,7/23/2018,1006
974,arobilartr1@dell.com,1/31/2018,1017
975,jpadlyr2@marketwatch.com,3/26/2018,1007
976,gbottrillr3@discuz.net,1/17/2018,1008
977,tdearyr4@arizona.edu,8/23/2018,1002
978,mstanyonr5@cam.ac.uk,10/10/2018,1019
979,ejendasr6@icio.us,2/21/2018,1005
980,ihardsonr7@forbes.com,1/29/2018,1013
981,bhaster8@dot.gov,7/21/2018,1005
982,ctenbrugr9@time.com,2/27/2018,1028
983,mhapgoodra@hao123.com,9/8/2018,1020
984,dattlerb@meetup.com,3/10/2018,1028
985,dcrispinrc@go.com,3/17/2018,1008
986,hblebyrd@ow.ly,10/19/2018,1028
987,lkastingre@icio.us,8/11/2018,1027
988,fgonsalvezrf@cargocollective.com,5/5/2018,1022
989,whollidgerg@microsoft.com,8/14/2018,1005
990,mlittrh@so-net.ne.jp,9/22/2018,1001
991,aarmsbyri@stanford.edu,10/3/2018,1024
992,mleafrj@princeton.edu,5/1/2018,1005
993,tmogierk@ihg.com,1/21/2018,1023
994,dballeinerl@baidu.com,11/29/2017,1003
995,tparkeyrm@twitter.com,5/31/2018,1012
996,rbettamrn@is.gd,9/9/2018,1026
997,kcolemanro@google.nl,4/11/2018,1030
998,nmitchinsonrp@google.co.jp,11/26/2018,1017
999,smartonfirq@xing.com,5/29/2018,1029
1000,rwintersgillrr@aboutads.info,7/2/2018,1003
