message_id,room_id,user_email,message_content,date_sent
1,1052,hswain0@homestead.com,erat eros viverra eget,5/8/2018
2,1056,lbutters1@unicef.org,in,8/28/2018
3,1044,jwilfinger2@example.com,volutpat convallis morbi odio odio,2/18/2018
4,1040,mmalser3@marriott.com,rutrum,6/6/2018
5,1005,gpolon4@mediafire.com,felis fusce posuere felis sed lacus,6/11/2018
6,1083,bmart5@reddit.com,platea dictumst morbi vestibulum velit id,3/21/2018
7,1069,nsherrock6@mozilla.com,vestibulum proin eu,2/28/2018
8,1063,omcconnel7@ifeng.com,at vulputate vitae nisl aenean lectus pellentesque eget nunc,10/4/2018
9,1055,xmullan8@smugmug.com,sapien cum sociis natoque penatibus et magnis dis,10/27/2018
10,1058,moldis9@youtube.com,condimentum curabitur in libero ut massa,8/14/2018
11,1051,ocappsa@ca.gov,integer ac neque duis bibendum,8/15/2018
12,1086,kcracknallb@sfgate.com,in hac habitasse platea dictumst morbi vestibulum,5/2/2018
13,1070,lwharinc@geocities.com,at ipsum ac tellus,11/20/2018
14,1045,candrejsd@irs.gov,accumsan odio curabitur convallis duis consequat dui nec nisi,9/26/2018
15,1086,pjoynere@about.com,sed justo pellentesque viverra pede ac diam cras,2/9/2018
16,1065,rwharltonf@ft.com,semper est quam pharetra,6/7/2018
17,1027,cbrigstockg@amazon.co.jp,in purus eu magna vulputate luctus cum,6/27/2018
18,1085,mcanedoh@twitpic.com,arcu adipiscing molestie hendrerit at vulputate,3/3/2018
19,1078,ctarberti@patch.com,orci mauris lacinia sapien quis libero nullam sit amet turpis,2/2/2018
20,1011,lsmeethj@hhs.gov,cursus,3/5/2018
21,1070,tbumk@ucoz.com,velit vivamus vel nulla eget eros elementum,6/25/2018
22,1001,ufilsonl@netlog.com,risus dapibus augue vel,9/28/2018
23,1029,dblurtonm@wikispaces.com,in hac habitasse platea dictumst morbi,4/10/2018
24,1082,alenouryn@eepurl.com,ridiculus mus vivamus vestibulum sagittis sapien cum,3/31/2018
25,1019,jdomeneyo@dropbox.com,pharetra magna ac consequat metus sapien ut nunc,4/4/2018
26,1004,jjacobszp@bloomberg.com,ut erat curabitur,6/11/2018
27,1049,hminardq@mtv.com,odio condimentum id luctus nec molestie sed justo pellentesque,4/23/2018
28,1010,rtaudevinr@latimes.com,in leo maecenas pulvinar lobortis est phasellus sit amet,9/21/2018
29,1002,kdionisettis@gov.uk,augue quam sollicitudin vitae consectetuer eget rutrum at lorem integer,4/2/2018
30,1079,ksullert@cornell.edu,erat,8/30/2018
31,1075,ebrodericku@hugedomains.com,iaculis diam erat fermentum justo nec condimentum neque,11/12/2018
32,1027,fcowapv@shareasale.com,libero nullam sit amet turpis elementum ligula vehicula consequat,5/19/2018
33,1015,bmcreynoldw@ning.com,elit proin risus,6/7/2018
34,1083,jmarquetx@time.com,nulla mollis molestie lorem quisque ut erat curabitur gravida,6/5/2018
35,1088,tgaithery@phpbb.com,sed tristique in tempus sit amet sem,7/1/2018
36,1081,kmashamz@ftc.gov,donec pharetra magna vestibulum aliquet,6/20/2018
37,1082,rpilley10@ebay.com,non interdum in,3/13/2018
38,1073,aaslam11@ycombinator.com,donec ut dolor morbi vel lectus in quam fringilla rhoncus,9/18/2018
39,1048,elarner12@dagondesign.com,eleifend luctus ultricies,1/10/2018
40,1066,ldarlow13@msu.edu,nisl duis,2/21/2018
41,1076,jsambals14@constantcontact.com,eu interdum,4/7/2018
42,1055,kbinnell15@geocities.com,et ultrices posuere cubilia curae nulla dapibus,7/14/2018
43,1053,crivitt16@sohu.com,blandit non interdum in ante vestibulum,8/20/2018
44,1071,hmccaskill17@cafepress.com,est risus auctor sed tristique in,7/23/2018
45,1084,ppickerell18@apple.com,sit amet eleifend pede libero quis orci,9/12/2018
46,1040,wgove19@squidoo.com,adipiscing lorem vitae mattis nibh ligula nec sem,8/16/2018
47,1017,emorforth1a@elpais.com,at nibh in hac habitasse platea dictumst aliquam,8/3/2018
48,1031,bmarriot1b@livejournal.com,a suscipit nulla elit ac nulla sed vel enim,7/27/2018
49,1050,bwomersley1c@dagondesign.com,duis ac,11/19/2018
50,1015,thadgkiss1d@washingtonpost.com,volutpat eleifend donec ut,9/28/2018
51,1044,rprior1e@miitbeian.gov.cn,euismod scelerisque quam turpis adipiscing lorem vitae mattis,7/9/2018
52,1033,cronaldson1f@arizona.edu,tortor sollicitudin mi sit amet lobortis sapien sapien non mi,5/21/2018
53,1090,ehaldane1g@cocolog-nifty.com,lacus morbi quis,8/12/2018
54,1042,ssamuels1h@mozilla.org,lorem ipsum dolor sit amet,2/22/2018
55,1086,acoppen1i@microsoft.com,imperdiet nullam orci pede,4/29/2018
56,1064,hchaudron1j@shutterfly.com,sagittis dui vel,7/8/2018
57,1066,bjacop1k@trellian.com,nulla quisque arcu libero rutrum ac lobortis,12/25/2017
58,1020,rbenard1l@ning.com,integer a,6/29/2018
59,1014,jquarlis1m@myspace.com,volutpat convallis morbi odio odio elementum eu interdum,4/29/2018
60,1015,hchildes1n@bloglovin.com,nulla ut erat id mauris vulputate elementum,1/22/2018
61,1010,lcaudrey1o@nhs.uk,erat eros viverra eget congue eget semper rutrum nulla,5/13/2018
62,1088,cmckag1p@sina.com.cn,faucibus orci luctus et ultrices posuere cubilia curae,6/10/2018
63,1026,ayonge1q@reference.com,aenean fermentum donec ut mauris,5/24/2018
64,1019,wwooder1r@soundcloud.com,tincidunt nulla mollis molestie lorem quisque ut erat curabitur gravida,11/10/2018
65,1021,lwykes1s@instagram.com,vestibulum ante ipsum primis in faucibus orci,11/20/2018
66,1084,mgail1t@jigsy.com,eu orci mauris lacinia sapien quis libero,8/25/2018
67,1062,atramel1u@google.pl,sem duis aliquam convallis nunc proin at turpis a pede,3/27/2018
68,1003,shuddart3h@aol.com,quam pharetra magna ac consequat,3/30/2018
69,1000,bremmer1w@newyorker.com,ut tellus nulla ut erat id mauris vulputate elementum nullam,7/16/2018
70,1004,jbalden1x@reddit.com,donec semper sapien,2/8/2018
71,1001,dgoadsby1y@geocities.com,amet nunc viverra dapibus nulla suscipit ligula in,9/21/2018
72,1007,rsainsbury1z@weibo.com,tellus semper interdum mauris ullamcorper purus sit amet nulla,2/11/2018
73,1031,wfitchew20@rediff.com,suscipit a feugiat et eros vestibulum ac est lacinia nisi,1/12/2018
74,1030,rroumier21@cbslocal.com,sed nisl nunc rhoncus dui vel,9/24/2018
75,1020,vkemsley22@dion.ne.jp,ante vivamus tortor duis mattis egestas,1/16/2018
76,1015,opyffe23@nsw.gov.au,sollicitudin mi sit amet lobortis sapien sapien non mi integer,8/13/2018
77,1031,sbaurerich24@bing.com,congue,7/15/2018
78,1019,bgarlant25@jugem.jp,hac habitasse platea,1/11/2018
79,1034,aprosh26@fema.gov,massa id lobortis convallis,1/8/2018
80,1073,vedmand27@barnesandnoble.com,ut erat curabitur gravida,3/26/2018
81,1086,aabbs28@prweb.com,mi integer ac neque duis bibendum morbi non quam,6/17/2018
82,1090,apalatino29@list-manage.com,pede morbi,9/7/2018
83,1081,aallcock2a@hexun.com,tempus,8/17/2018
84,1047,jdeeley2b@umich.edu,dis parturient montes nascetur ridiculus mus vivamus vestibulum sagittis sapien,3/21/2018
85,1090,kcabane2c@economist.com,phasellus in felis donec semper sapien,4/17/2018
86,1009,jmaulkin2d@a8.net,donec ut dolor morbi vel lectus in quam,3/23/2018
87,1064,showes2e@flavors.me,cras in purus eu magna,1/5/2018
88,1084,myakubov2f@dyndns.org,mauris viverra diam vitae quam suspendisse potenti nullam porttitor lacus,2/21/2018
89,1057,cmeijer2g@craigslist.org,fusce posuere felis sed lacus,7/6/2018
90,1059,mauty2h@soup.io,aliquam lacus morbi quis tortor,6/20/2018
91,1002,renefer2i@timesonline.co.uk,eu tincidunt in leo maecenas pulvinar lobortis est phasellus,7/1/2018
92,1001,borhrt2j@nifty.com,justo maecenas rhoncus aliquam lacus morbi quis,6/26/2018
93,1085,mpanas2k@yellowpages.com,duis at velit eu,1/19/2018
94,1038,mmackellar2l@cpanel.net,ipsum praesent blandit lacinia erat,10/25/2018
95,1081,jcuppitt2m@cbslocal.com,potenti in eleifend quam a odio,11/10/2018
96,1081,rgladdolph2n@instagram.com,semper rutrum nulla nunc purus phasellus in felis donec semper,1/4/2018
97,1072,ocowap2o@msu.edu,sed interdum,4/14/2018
98,1021,cmenichillo2p@ifeng.com,id pretium iaculis diam erat fermentum justo nec condimentum neque,8/31/2018
99,1025,dbulley2q@blinklist.com,nonummy integer non,7/13/2018
100,1022,pchurly2r@geocities.com,curabitur convallis duis consequat dui nec nisi,4/1/2018
101,1026,sgemelli2s@sitemeter.com,sapien cursus vestibulum proin eu mi nulla ac,3/2/2018
102,1005,kandrzejczak2t@dailymotion.com,habitasse platea dictumst etiam faucibus cursus urna ut tellus,10/27/2018
103,1053,ggerge2u@mediafire.com,in felis eu sapien cursus vestibulum proin,6/14/2018
104,1006,aleynham2v@jalbum.net,nulla nunc purus phasellus in felis donec,12/20/2017
105,1069,taxtens2w@xrea.com,felis sed interdum venenatis turpis enim blandit,11/22/2018
106,1020,rdurnian2x@facebook.com,a suscipit nulla elit ac nulla sed vel enim sit,1/27/2018
107,1043,jsweatman2y@simplemachines.org,scelerisque mauris sit amet eros suspendisse accumsan tortor,12/7/2017
108,1044,mdeboick2z@prnewswire.com,a feugiat,11/12/2018
109,1030,mhatter30@networksolutions.com,vestibulum ac est lacinia nisi venenatis tristique fusce congue,12/20/2017
110,1081,hbohler31@over-blog.com,est,3/6/2018
111,1054,mapdell32@lycos.com,maecenas leo odio condimentum id luctus nec molestie sed justo,10/16/2018
112,1084,avandenbroek33@thetimes.co.uk,eros viverra eget congue eget,5/25/2018
113,1085,dcremin34@pinterest.com,massa tempor convallis nulla neque libero,10/22/2018
114,1053,bhawker35@miitbeian.gov.cn,in faucibus orci luctus et ultrices posuere cubilia curae duis,12/18/2017
115,1049,dbabbs36@csmonitor.com,ullamcorper purus sit amet nulla quisque arcu libero rutrum,1/3/2018
116,1055,agunnell37@independent.co.uk,mauris enim leo rhoncus sed vestibulum sit,4/5/2018
117,1000,ydransfield38@oakley.com,volutpat,9/1/2018
118,1087,ejost39@creativecommons.org,habitasse platea dictumst aliquam augue quam,1/13/2018
119,1050,mkneath3a@wufoo.com,odio,10/16/2018
120,1073,hgarn3b@miitbeian.gov.cn,felis sed lacus,7/16/2018
121,1033,cfollett3c@ca.gov,eget tempus vel pede,12/10/2017
122,1050,bdonne3d@xing.com,tortor sollicitudin mi,1/3/2018
123,1012,mrawet3e@goo.ne.jp,curabitur gravida nisi at nibh in hac habitasse platea dictumst,7/22/2018
124,1014,ggavriel3f@ucla.edu,mi in,4/5/2018
125,1072,kdealy3g@msn.com,molestie hendrerit at vulputate vitae nisl,2/9/2018
126,1061,mkeningley3h@slideshare.net,faucibus cursus urna ut tellus nulla ut erat id mauris,4/2/2018
127,1054,umardy3i@washingtonpost.com,mollis molestie lorem quisque ut erat curabitur gravida,5/17/2018
128,1030,mmazzia3j@icio.us,tellus in,11/17/2018
129,1033,jdibbe3k@tinyurl.com,nunc commodo placerat praesent blandit nam nulla integer,12/22/2017
130,1077,doakey3l@go.com,nulla,8/30/2018
131,1064,mgoldster3m@chicagotribune.com,arcu sed augue aliquam erat,9/12/2018
132,1033,mgrzelczak3n@hibu.com,etiam pretium iaculis justo in,8/26/2018
133,1018,ggrouen3o@angelfire.com,pede lobortis ligula sit amet eleifend pede,5/24/2018
134,1053,mmaddrell3p@ezinearticles.com,non sodales sed tincidunt eu felis fusce posuere felis,9/7/2018
135,1000,kcoll3q@archive.org,sapien,9/19/2018
136,1028,gwillisch3r@webmd.com,ultrices posuere cubilia curae mauris viverra,9/28/2018
137,1071,kbellini3s@psu.edu,vestibulum ante ipsum primis in faucibus orci,11/1/2018
138,1006,lclynman3t@cbc.ca,viverra eget congue eget semper rutrum nulla,6/5/2018
139,1052,cprisk3u@about.com,blandit ultrices enim lorem ipsum dolor,8/8/2018
140,1078,gmarquese3v@state.gov,turpis elementum ligula vehicula consequat morbi a ipsum integer a,1/23/2018
141,1056,nlerwill3w@cnn.com,in felis eu sapien cursus vestibulum proin eu,8/12/2018
142,1061,fkubczak3x@wsj.com,augue vestibulum rutrum rutrum neque aenean auctor gravida sem,1/11/2018
143,1086,esinfield3y@goo.ne.jp,dui,4/23/2018
144,1054,dmccolm3z@cbsnews.com,cras non velit,3/27/2018
145,1020,sglowach40@state.tx.us,orci luctus et ultrices posuere cubilia curae duis faucibus,5/17/2018
146,1078,pboler41@samsung.com,ipsum aliquam non mauris,8/8/2018
147,1027,gcreavin42@cloudflare.com,neque vestibulum eget vulputate ut ultrices vel augue vestibulum,12/7/2017
148,1058,dlynde43@issuu.com,elementum nullam varius nulla facilisi cras,9/7/2018
149,1084,alegate44@mozilla.org,primis in,6/22/2018
150,1072,khucks45@canalblog.com,justo pellentesque viverra pede ac diam,3/20/2018
151,1080,jmirfield46@hao123.com,pede ullamcorper augue,1/16/2018
152,1074,jwilding47@washington.edu,magna ac consequat metus sapien ut nunc vestibulum ante ipsum,3/18/2018
153,1074,focorrane48@illinois.edu,vivamus vel nulla eget,11/22/2018
154,1053,gpilley49@ustream.tv,enim lorem ipsum,12/5/2017
155,1009,jreynish4a@apache.org,sem praesent id massa id nisl venenatis,1/14/2018
156,1013,ecraythorn4b@tamu.edu,pellentesque at nulla,4/17/2018
157,1014,frotte4c@prweb.com,morbi non lectus aliquam sit amet diam,8/13/2018
158,1037,sklulisek4d@dedecms.com,vestibulum,4/2/2018
159,1061,jtoffoloni4e@typepad.com,nec euismod scelerisque quam,11/10/2018
160,1050,sbillingsley4f@1688.com,nulla facilisi cras,3/28/2018
161,1000,scoggles4g@mapquest.com,in faucibus,3/29/2018
162,1038,aviger4h@weather.com,amet consectetuer adipiscing elit proin risus praesent lectus vestibulum quam,8/1/2018
163,1002,cathow4i@ibm.com,rhoncus dui vel sem sed sagittis nam congue,8/17/2018
164,1012,jsheardown4j@google.com.br,sit,1/31/2018
165,1019,stasker4k@walmart.com,nulla elit ac nulla sed vel enim sit amet nunc,2/4/2018
166,1065,bportt4l@51.la,vel augue,12/8/2017
167,1029,bsysland4m@google.pl,etiam pretium iaculis justo in,4/17/2018
168,1057,hogley4n@zdnet.com,et,12/15/2017
169,1030,uludovici4o@uiuc.edu,purus sit amet nulla quisque arcu libero rutrum,12/30/2017
170,1012,rporte4p@rambler.ru,sed vestibulum sit amet cursus id turpis integer aliquet massa,10/29/2018
171,1057,mplastow4q@phoca.cz,blandit ultrices enim lorem,8/23/2018
172,1017,bjorgensen4r@4shared.com,sed vestibulum sit amet cursus id turpis integer aliquet,4/12/2018
173,1024,aroose4s@archive.org,nullam varius nulla facilisi,10/15/2018
174,1080,lettridge4t@squarespace.com,nulla ut erat id mauris vulputate elementum,12/1/2017
175,1001,xmeighan4u@businessinsider.com,posuere nonummy integer,8/3/2018
176,1067,clyptratt4v@indiatimes.com,est et tempus semper est quam pharetra magna ac consequat,11/30/2017
177,1077,abarta4w@cdc.gov,luctus et,10/20/2018
178,1018,gglitherow4x@cbc.ca,purus phasellus in felis donec semper,12/11/2017
179,1058,imounch4y@wordpress.org,venenatis,11/19/2018
180,1000,tchaffer4z@alexa.com,adipiscing,1/21/2018
181,1004,jizakovitz50@va.gov,neque aenean auctor gravida sem praesent id massa,4/5/2018
182,1066,cwind51@cnbc.com,volutpat,2/6/2018
183,1045,bnajera52@taobao.com,vivamus vel nulla eget eros elementum,6/4/2018
184,1007,mlayton53@tinyurl.com,venenatis non sodales sed,5/22/2018
185,1060,tshillabeare54@salon.com,tristique in tempus sit amet sem fusce consequat nulla,8/1/2018
186,1017,sduggen55@java.com,rutrum rutrum neque aenean auctor gravida sem,3/12/2018
187,1006,rtitcumb56@exblog.jp,suscipit ligula,8/17/2018
188,1058,dalliker57@columbia.edu,faucibus cursus urna ut tellus nulla ut erat id mauris,12/31/2017
189,1068,arembrant58@theatlantic.com,at nibh in hac,10/5/2018
190,1057,arainsdon59@rambler.ru,neque libero convallis,1/6/2018
191,1016,rtogwell5a@i2i.jp,nulla eget eros elementum pellentesque quisque porta volutpat erat quisque,7/27/2018
192,1006,tkittow5b@clickbank.net,justo lacinia,3/10/2018
193,1019,bbusson5c@seattletimes.com,massa donec dapibus duis,9/30/2018
194,1006,rexrol5d@columbia.edu,volutpat sapien arcu sed,7/12/2018
195,1067,hpabelik5e@myspace.com,porta volutpat quam pede lobortis ligula sit,7/16/2018
196,1062,swiffen5f@webeden.co.uk,sit amet sapien dignissim,1/5/2018
197,1043,agiffaut5g@unesco.org,aliquam convallis nunc proin at turpis a pede posuere nonummy,3/25/2018
198,1032,lwiffen5h@baidu.com,sapien sapien,11/4/2018
199,1049,tscothorn5i@youtube.com,faucibus orci,10/10/2018
200,1040,lwatting5j@zimbio.com,orci vehicula condimentum curabitur in libero ut massa volutpat convallis,10/3/2018
201,1005,mgodlip5k@salon.com,feugiat non pretium quis lectus suspendisse potenti in eleifend quam,5/27/2018
202,1085,sgamblin5l@chronoengine.com,nulla nisl nunc nisl duis bibendum felis sed,8/8/2018
203,1037,cgiottoi5m@topsy.com,eu magna vulputate luctus cum sociis,2/20/2018
204,1015,mrisman5n@cbsnews.com,velit vivamus,12/9/2017
205,1041,sfranzonetti5o@ftc.gov,leo odio condimentum,1/24/2018
206,1066,cbilofsky5p@canalblog.com,commodo placerat praesent blandit nam nulla integer pede justo,3/23/2018
207,1059,jarrol5q@amazon.co.jp,hac habitasse platea dictumst aliquam augue quam sollicitudin vitae,7/25/2018
208,1034,cgotthardsf5r@admin.ch,tincidunt lacus at velit,6/29/2018
209,1002,mgreenman5s@army.mil,erat fermentum justo,4/3/2018
210,1038,tyarnley5t@youku.com,nunc commodo,9/12/2018
211,1006,cpurslow5u@gravatar.com,nulla,1/31/2018
212,1004,rgirardy5v@wix.com,vel dapibus at,3/18/2018
213,1059,lpauly5w@google.co.jp,tristique fusce congue diam id ornare imperdiet,11/25/2018
214,1055,ccashell5x@digg.com,consequat ut nulla,1/23/2018
215,1031,tstratford5y@ning.com,viverra dapibus nulla,8/11/2018
216,1007,fturpey5z@storify.com,luctus,4/11/2018
217,1011,sdinsale60@usda.gov,porttitor lorem id ligula suspendisse ornare consequat lectus,9/26/2018
218,1013,ldelleschi61@hostgator.com,pede ac diam cras,10/1/2018
219,1055,dbailles62@ucla.edu,orci luctus et ultrices posuere cubilia curae nulla dapibus,9/17/2018
220,1032,eoheffernan63@51.la,libero quis orci nullam molestie,2/23/2018
221,1010,dbraund64@bbb.org,in,10/8/2018
222,1074,wsimmonite65@arizona.edu,praesent id massa id nisl venenatis lacinia aenean,3/2/2018
223,1009,lchazotte66@google.nl,ligula pellentesque ultrices phasellus id sapien in,11/20/2018
224,1012,cpanner67@ycombinator.com,arcu libero rutrum ac lobortis vel dapibus,5/30/2018
225,1031,kkonertz68@independent.co.uk,lacus,4/22/2018
226,1066,mluipold69@ft.com,massa donec dapibus duis at velit,3/1/2018
227,1017,gsoda6a@about.me,mauris vulputate elementum,2/23/2018
228,1035,yclatworthy6b@360.cn,semper sapien a,5/22/2018
229,1058,cwebley6c@yelp.com,quam sollicitudin vitae consectetuer eget,8/17/2018
230,1070,bwheldon6d@time.com,id ligula suspendisse ornare consequat lectus in est,5/31/2018
231,1081,ccobbing6e@1und1.de,suscipit ligula in,4/1/2018
232,1084,bmusson6f@ibm.com,posuere cubilia curae donec pharetra,9/3/2018
233,1019,smarsy6g@go.com,maecenas pulvinar,9/15/2018
234,1048,jdrivers6h@dedecms.com,vivamus tortor duis mattis egestas metus aenean,10/14/2018
235,1053,gtyndall6i@cpanel.net,at velit vivamus vel nulla eget eros elementum pellentesque quisque,5/13/2018
236,1020,vbeevens6j@latimes.com,tellus nulla ut erat id mauris vulputate elementum nullam,10/22/2018
237,1007,rtebbet6k@prnewswire.com,in,2/26/2018
238,1068,adurnin6l@huffingtonpost.com,ante ipsum primis in,6/23/2018
239,1007,cmccullum6m@apache.org,erat volutpat in congue,5/28/2018
240,1021,mzannutti6n@istockphoto.com,feugiat non pretium quis lectus,6/24/2018
241,1034,wthackwray6o@nydailynews.com,tellus nulla ut erat id mauris vulputate elementum nullam varius,11/18/2018
242,1084,sgebb6p@discuz.net,tellus nulla ut erat id mauris vulputate elementum nullam varius,11/27/2018
243,1006,aeglese6q@vistaprint.com,magna bibendum imperdiet nullam orci pede venenatis non sodales sed,3/19/2018
244,1001,dkrinks6r@1und1.de,sapien placerat ante nulla justo,5/4/2018
245,1089,gkearley6s@princeton.edu,pretium quis lectus suspendisse potenti,7/17/2018
246,1045,bedlyn6t@topsy.com,sollicitudin ut suscipit a feugiat et eros vestibulum ac est,6/28/2018
247,1011,mcelez6u@youku.com,convallis tortor risus,4/1/2018
248,1007,hthor6v@fema.gov,lorem id ligula suspendisse,11/7/2018
249,1011,ifligg6w@amazon.co.uk,nibh quisque id justo,9/13/2018
250,1034,kisgar6x@tripod.com,et ultrices posuere cubilia curae nulla dapibus,11/14/2018
251,1020,bblaasch6y@nymag.com,sollicitudin mi sit amet lobortis sapien,11/24/2018
252,1050,mfrowd6z@ocn.ne.jp,eu,12/29/2017
253,1030,sduigenan70@hao123.com,turpis,10/26/2018
254,1028,myong71@time.com,ut at dolor quis odio,5/10/2018
255,1010,nmont72@senate.gov,justo in blandit ultrices enim,5/31/2018
256,1051,sadamini73@jugem.jp,convallis nunc proin at turpis a pede posuere,1/12/2018
257,1070,guzzell74@independent.co.uk,ac leo pellentesque ultrices mattis odio,5/13/2018
258,1067,amorrilly75@dropbox.com,nulla tempus vivamus in felis eu sapien cursus,3/28/2018
259,1063,akausche76@deviantart.com,interdum eu tincidunt in leo maecenas pulvinar lobortis,9/16/2018
260,1086,sbringloe77@webs.com,euismod scelerisque quam turpis adipiscing lorem vitae,8/11/2018
261,1055,iinchan78@cnn.com,diam id ornare imperdiet sapien urna pretium nisl ut volutpat,10/5/2018
262,1000,aeliot79@oakley.com,ultrices mattis odio donec vitae nisi nam ultrices libero,8/23/2018
263,1018,cjuschke7a@unc.edu,massa id,6/5/2018
264,1030,rfoucard7b@jalbum.net,risus auctor,7/30/2018
265,1090,golenchikov7c@google.it,magna vestibulum aliquet ultrices erat tortor sollicitudin,1/16/2018
266,1073,uwhitlock7d@constantcontact.com,odio curabitur convallis duis consequat dui,1/30/2018
267,1013,bdebrett7e@exblog.jp,dapibus nulla suscipit ligula in lacus,6/26/2018
268,1066,ejuorio7f@de.vu,at nibh in hac habitasse platea dictumst aliquam,11/26/2018
269,1002,vkinnach7g@miitbeian.gov.cn,nam nulla integer,8/11/2018
270,1009,gdenes7h@fotki.com,penatibus et magnis dis parturient montes nascetur,12/25/2017
271,1022,fchatt7i@hhs.gov,id ornare imperdiet sapien urna pretium nisl ut volutpat,4/22/2018
272,1038,ccouche7j@dedecms.com,donec diam,7/31/2018
273,1080,ajorat7k@google.cn,aenean sit amet justo morbi ut odio cras mi,10/9/2018
274,1079,cpeacocke7l@w3.org,donec ut mauris eget,1/28/2018
275,1037,scholmondeley7m@livejournal.com,ipsum dolor sit amet consectetuer adipiscing,11/17/2018
276,1047,cmanns7n@loc.gov,etiam pretium iaculis,6/5/2018
277,1090,enickols7o@cdc.gov,etiam,2/18/2018
278,1051,hwyke7p@dmoz.org,morbi non quam nec dui luctus rutrum nulla tellus,6/9/2018
279,1048,vpoulney7q@unesco.org,aliquet at feugiat non pretium quis lectus,4/12/2018
280,1057,lheymann7r@nytimes.com,varius ut blandit non interdum in,5/31/2018
281,1056,iohalleghane7s@slashdot.org,integer tincidunt,10/21/2018
282,1032,mstratiff7t@dailymotion.com,bibendum morbi non quam nec dui luctus rutrum nulla,8/6/2018
283,1087,channon7u@globo.com,proin interdum mauris non ligula pellentesque,2/20/2018
284,1067,rflello7v@topsy.com,ac nulla,1/6/2018
285,1004,bbondy7w@ed.gov,ut odio cras mi pede malesuada in imperdiet,12/21/2017
286,1044,rbautiste7x@livejournal.com,nulla facilisi cras non,12/3/2017
287,1034,hburchmore7y@tuttocitta.it,tortor duis mattis egestas metus aenean fermentum donec,3/7/2018
288,1069,amcaline7z@devhub.com,neque vestibulum,1/22/2018
289,1057,lmein80@stanford.edu,augue luctus tincidunt nulla mollis molestie lorem,1/19/2018
290,1054,gsotheby81@wix.com,faucibus orci,9/9/2018
291,1050,uwebbe82@webmd.com,nisl ut volutpat sapien,3/18/2018
292,1040,mcurlis83@cbsnews.com,orci luctus et ultrices posuere cubilia curae donec pharetra magna,8/25/2018
293,1019,mmerriton84@arstechnica.com,ultrices posuere cubilia curae nulla dapibus dolor,6/29/2018
294,1036,drylstone85@godaddy.com,libero,7/28/2018
295,1070,amcilmorow86@upenn.edu,nunc donec quis orci eget orci vehicula condimentum,10/11/2018
296,1087,nstapele87@nhs.uk,sit amet diam in magna,6/12/2018
297,1030,raylett88@smh.com.au,sapien,4/7/2018
298,1031,abrickell89@usda.gov,rutrum nulla nunc purus,8/5/2018
299,1013,ohourihane8a@mozilla.org,vestibulum velit id pretium iaculis,8/20/2018
300,1027,shaversum8b@google.cn,risus semper,4/10/2018
301,1076,kgawthorpe8c@wordpress.com,tellus nisi eu orci mauris lacinia sapien quis libero nullam,5/14/2018
302,1069,hhackelton8d@elpais.com,platea dictumst maecenas ut,12/1/2017
303,1006,abashford8e@shutterfly.com,purus phasellus in felis,5/27/2018
304,1065,ostanyforth8f@360.cn,primis in faucibus orci luctus et ultrices,8/26/2018
305,1018,gshaudfurth8g@wikimedia.org,augue quam,10/3/2018
306,1058,ehazleton8h@ifeng.com,id mauris vulputate elementum nullam varius,2/13/2018
307,1020,jocuolahan8i@ox.ac.uk,id ligula suspendisse ornare,3/7/2018
308,1022,dkalkofer8j@tuttocitta.it,hac habitasse platea dictumst etiam,8/31/2018
309,1054,jbeadle8k@51.la,ante ipsum primis in faucibus orci luctus et,9/30/2018
310,1067,kdevonish8l@dell.com,pellentesque ultrices mattis,6/25/2018
311,1087,mibell8m@omniture.com,malesuada in imperdiet,12/24/2017
312,1012,jhitter8n@wiley.com,aenean lectus pellentesque eget nunc donec quis,1/22/2018
313,1049,gkitney8o@cnet.com,lacus,5/9/2018
314,1050,gsilley8p@sphinn.com,ligula in lacus curabitur at ipsum,4/14/2018
315,1005,mlinkie8q@house.gov,vulputate ut ultrices vel augue vestibulum ante,8/19/2018
316,1082,lmatuszyk8r@upenn.edu,sapien non mi integer ac,3/14/2018
317,1074,fbergeau8s@who.int,orci luctus et ultrices,3/24/2018
318,1067,logborne8t@cbslocal.com,nulla sed accumsan felis ut,4/20/2018
319,1024,hmoohan8u@dmoz.org,erat id mauris vulputate elementum nullam varius nulla facilisi cras,9/17/2018
320,1015,beykelhof8v@nydailynews.com,metus arcu adipiscing molestie hendrerit at vulputate vitae,12/4/2017
321,1068,csail8w@etsy.com,condimentum id luctus nec molestie sed justo,1/5/2018
322,1021,cstapele8x@google.co.uk,risus semper porta volutpat quam pede lobortis,4/3/2018
323,1028,echitham8y@europa.eu,dolor vel est donec odio justo,4/7/2018
324,1077,sruss8z@dailymail.co.uk,nunc vestibulum ante ipsum primis in faucibus,5/13/2018
325,1087,ctwinborne90@1688.com,turpis,12/21/2017
326,1004,pgrieve91@163.com,eros suspendisse accumsan tortor quis turpis,9/30/2018
327,1023,teagland92@who.int,nonummy maecenas tincidunt lacus at velit vivamus vel nulla eget,6/4/2018
328,1011,lsidry93@cbslocal.com,arcu libero rutrum,11/5/2018
329,1074,vteliga94@constantcontact.com,posuere,4/25/2018
330,1013,rwantling95@goodreads.com,ultrices enim lorem ipsum dolor,9/18/2018
331,1076,cmoyle96@amazon.co.uk,consequat in consequat ut nulla sed accumsan felis,12/1/2017
332,1059,esprakes97@blogspot.com,mauris viverra diam vitae quam suspendisse,6/16/2018
333,1072,cbuttery98@wikimedia.org,mauris eget massa tempor convallis nulla neque libero convallis eget,7/30/2018
334,1060,eayliffe99@home.pl,consectetuer adipiscing elit proin risus,8/16/2018
335,1001,mbreckell9a@bloomberg.com,ultrices phasellus id sapien in sapien,1/16/2018
336,1058,dtaylour9b@rambler.ru,semper interdum mauris,8/30/2018
337,1057,tmacfarlane9c@google.it,leo,8/31/2018
338,1002,mmoggach9d@oaic.gov.au,fermentum donec ut mauris,4/2/2018
339,1021,bmillar9e@whitehouse.gov,nam congue risus semper porta volutpat quam pede lobortis,2/24/2018
340,1069,icreavan9f@zdnet.com,adipiscing lorem vitae mattis,11/18/2018
341,1073,echeshir9g@cloudflare.com,sit amet turpis elementum ligula,10/23/2018
342,1041,lklimko9h@soup.io,aenean,8/9/2018
343,1055,wkidder9i@comsenz.com,nunc proin at turpis a pede posuere nonummy,7/30/2018
344,1066,rleist9j@ca.gov,habitasse platea dictumst etiam faucibus cursus urna ut tellus nulla,1/16/2018
345,1087,jpikhno9k@archive.org,nisl,9/22/2018
346,1017,tgruczka9l@state.tx.us,sapien dignissim vestibulum vestibulum ante ipsum primis in faucibus,3/9/2018
347,1006,ggoldster9m@rambler.ru,dui proin,5/16/2018
348,1057,cbartens9n@google.co.uk,curae,7/22/2018
349,1016,nmacwhan9o@meetup.com,mi in porttitor pede justo eu massa,1/5/2018
350,1052,mmcruvie9p@trellian.com,in magna bibendum imperdiet nullam orci,12/1/2017
351,1050,hlinner9q@flickr.com,nullam sit amet turpis elementum ligula vehicula consequat,6/25/2018
352,1046,lsloley9r@dedecms.com,fringilla rhoncus mauris enim leo rhoncus sed,6/5/2018
353,1066,rbellay9s@apache.org,ultrices posuere cubilia curae nulla dapibus dolor vel,6/21/2018
354,1025,smarham9t@ycombinator.com,libero nullam sit amet turpis elementum ligula vehicula,5/27/2018
355,1050,hsimacek9u@nsw.gov.au,ipsum dolor sit amet consectetuer adipiscing elit proin,4/18/2018
356,1026,amcilwrick9v@eventbrite.com,platea,10/11/2018
357,1030,skeohane9w@list-manage.com,duis bibendum,5/3/2018
358,1060,mnesfield9x@naver.com,lobortis ligula sit amet eleifend pede libero quis orci,8/19/2018
359,1013,rlockyear9y@trellian.com,vivamus,5/3/2018
360,1033,faffron9z@ustream.tv,cubilia curae donec pharetra magna vestibulum,5/30/2018
361,1026,dsloracha0@1688.com,vulputate vitae nisl aenean lectus pellentesque eget nunc donec quis,11/29/2017
362,1022,rposkitta1@ucoz.ru,amet nunc viverra dapibus,2/19/2018
363,1033,mheinonena2@last.fm,venenatis non,3/21/2018
364,1074,lcurtoisa3@narod.ru,ante nulla justo aliquam quis turpis eget,12/16/2017
365,1022,togleviea4@tinypic.com,integer pede,6/9/2018
366,1061,dlindermanna5@china.com.cn,nulla,2/8/2018
367,1016,ctreea6@yale.edu,fusce,10/8/2018
368,1083,bsimonetona7@cbslocal.com,in sagittis dui vel nisl duis,8/9/2018
369,1022,geteena8@simplemachines.org,mus etiam,1/22/2018
370,1090,aallwrighta9@oaic.gov.au,nulla ultrices aliquet maecenas,6/1/2018
371,1077,jrigardeauaa@ustream.tv,etiam faucibus,3/20/2018
372,1005,iuttersonab@wordpress.org,vestibulum sagittis,12/18/2017
373,1074,kiacopiniac@vimeo.com,interdum venenatis turpis enim blandit,12/22/2017
374,1030,ldunstonead@last.fm,nec nisi volutpat eleifend donec ut dolor morbi,12/22/2017
375,1007,lamdohrae@goodreads.com,convallis nunc proin at turpis a pede posuere nonummy integer,9/10/2018
376,1061,hbenkinaf@w3.org,duis bibendum felis sed interdum venenatis turpis enim,10/4/2018
377,1002,pmcwardag@tripod.com,nec nisi vulputate nonummy maecenas tincidunt lacus at,10/1/2018
378,1003,shuddart3h@aol.com,posuere cubilia curae nulla dapibus dolor vel,4/17/2018
379,1077,acarpai@fda.gov,blandit ultrices enim lorem ipsum dolor sit,6/21/2018
380,1044,rheaysmanaj@arstechnica.com,ante ipsum primis in faucibus orci luctus et,12/12/2017
381,1040,bshreeveak@wired.com,rutrum nulla nunc purus phasellus in felis,5/11/2018
382,1079,awhistonal@salon.com,luctus et ultrices posuere cubilia curae mauris viverra diam,9/26/2018
383,1065,rrohloffam@businessinsider.com,in eleifend quam a odio in hac,4/13/2018
384,1013,tkleeweinan@ftc.gov,posuere cubilia curae duis faucibus accumsan odio curabitur,6/26/2018
385,1041,nbridgerao@plala.or.jp,eu mi nulla ac enim,9/14/2018
386,1088,mhalahanap@illinois.edu,elementum pellentesque quisque porta volutpat erat quisque erat,2/22/2018
387,1002,gwreifordaq@cnet.com,nunc commodo placerat praesent blandit,10/2/2018
388,1053,acardnoar@noaa.gov,massa id nisl venenatis lacinia aenean sit,7/12/2018
389,1088,spenburtonas@wix.com,integer ac leo pellentesque ultrices mattis odio donec,11/1/2018
390,1087,mmcalindonat@de.vu,eleifend donec ut dolor,3/12/2018
391,1065,csmallcombeau@accuweather.com,nisl,12/24/2017
392,1045,sbrameav@netlog.com,vestibulum proin,8/23/2018
393,1034,tclurowaw@e-recht24.de,orci luctus et ultrices,5/5/2018
394,1055,vmackombax@scientificamerican.com,suspendisse,9/11/2018
395,1005,tartinstallay@vinaora.com,a suscipit nulla elit ac nulla sed,3/2/2018
396,1010,chercockaz@amazon.com,at lorem integer tincidunt,2/12/2018
397,1075,tspruceb0@paginegialle.it,fusce consequat nulla nisl nunc nisl,6/3/2018
398,1029,hsturtonb1@posterous.com,ultrices enim lorem ipsum dolor sit amet consectetuer adipiscing elit,12/9/2017
399,1035,mrudsdaleb2@printfriendly.com,mauris non ligula pellentesque ultrices phasellus id,3/9/2018
400,1036,ppethickb3@youku.com,quam turpis adipiscing lorem vitae mattis nibh ligula nec,12/27/2017
401,1005,plissemoreb4@sphinn.com,amet consectetuer adipiscing elit proin interdum mauris non ligula pellentesque,10/24/2018
402,1066,aderlb5@google.it,odio justo sollicitudin ut suscipit a feugiat et eros,7/19/2018
403,1055,mdeamerb6@booking.com,fusce congue diam id,9/19/2018
404,1074,lbakesb7@spiegel.de,lacinia eget tincidunt eget,3/20/2018
405,1066,tlangthorneb8@wufoo.com,nulla tempus vivamus in felis eu sapien,3/16/2018
406,1067,cjurgensenb9@flickr.com,pretium quis lectus suspendisse potenti in eleifend quam a,11/28/2018
407,1058,omarchiba@umich.edu,at vulputate vitae nisl aenean lectus pellentesque eget,6/19/2018
408,1069,mflugerbb@webnode.com,lorem,4/17/2018
409,1033,gmcgrawbc@chron.com,magna ac consequat metus,10/31/2018
410,1054,rnurcombebd@nytimes.com,eros,9/12/2018
411,1083,tfernezbe@alibaba.com,nisl nunc nisl duis,4/21/2018
412,1083,aisworthbf@infoseek.co.jp,gravida sem praesent id massa id nisl venenatis lacinia,6/17/2018
413,1015,airedellbg@wikispaces.com,maecenas tincidunt lacus,9/20/2018
414,1033,asemainebh@mit.edu,viverra eget congue eget semper rutrum nulla nunc,7/19/2018
415,1010,gcoopmanbi@hexun.com,praesent lectus vestibulum quam sapien varius ut,12/23/2017
416,1084,treadmirebj@reference.com,nisl,3/17/2018
417,1046,dhaggusbk@g.co,tempus vel pede morbi porttitor lorem,6/8/2018
418,1017,tclashebl@google.fr,ante vel,10/14/2018
419,1008,alortzingbm@feedburner.com,rutrum,12/20/2017
420,1013,ccodringtonbn@storify.com,ut rhoncus,1/1/2018
421,1013,foverallbo@blogspot.com,et eros vestibulum,4/7/2018
422,1083,gmendoncabp@ibm.com,in hac,11/17/2018
423,1033,lteecebq@sohu.com,non mattis pulvinar nulla pede ullamcorper,5/15/2018
424,1013,wseverwrightbr@google.de,nisi vulputate nonummy maecenas tincidunt lacus,12/15/2017
425,1051,gfaustianbs@sitemeter.com,nisl ut volutpat,2/19/2018
426,1018,mbuntonbt@php.net,eu interdum,6/6/2018
427,1043,hlaileybu@vinaora.com,convallis duis consequat dui nec,12/15/2017
428,1075,smarrinerbv@ezinearticles.com,et eros vestibulum ac est lacinia nisi venenatis tristique,3/5/2018
429,1023,vmaxstedbw@behance.net,adipiscing molestie hendrerit at vulputate vitae nisl aenean lectus,5/10/2018
430,1078,hsuettbx@harvard.edu,erat id,3/9/2018
431,1011,mlanehamby@ihg.com,nisl duis bibendum felis sed interdum venenatis turpis,2/16/2018
432,1026,aballinbz@goodreads.com,ac nulla sed,9/17/2018
433,1005,icalamc0@jigsy.com,aliquam convallis nunc proin at turpis a pede,6/3/2018
434,1069,acochetc1@dot.gov,justo pellentesque viverra pede ac diam cras,6/29/2018
435,1056,bdaughtreyc2@blogs.com,sapien a libero nam dui proin leo odio,11/30/2017
436,1055,pcockneyc3@wordpress.com,nam tristique tortor,8/11/2018
437,1001,nbunfordc4@surveymonkey.com,dui luctus rutrum nulla tellus in sagittis dui vel nisl,8/27/2018
438,1013,mdillingstonec5@blinklist.com,quisque arcu libero rutrum,9/9/2018
439,1071,rbladgec6@paginegialle.it,proin,1/10/2018
440,1047,etheriotc7@nifty.com,orci luctus,3/27/2018
441,1013,srollerc8@economist.com,rutrum nulla tellus in sagittis,11/19/2018
442,1012,wlembrickc9@yelp.com,neque aenean auctor gravida sem praesent,10/26/2018
443,1089,aheyburnca@reuters.com,dapibus duis,8/28/2018
444,1022,apoutresscb@marriott.com,at turpis donec,5/8/2018
445,1002,nhammerstonecc@example.com,dui,9/2/2018
446,1049,bbalnavecd@illinois.edu,adipiscing molestie hendrerit at vulputate vitae nisl aenean,8/28/2018
447,1000,ekhomishince@twitter.com,tortor duis,8/30/2018
448,1032,acausticcf@blogs.com,nisi vulputate nonummy maecenas tincidunt lacus at velit,1/22/2018
449,1011,epaskcg@theguardian.com,eros vestibulum ac est lacinia nisi venenatis tristique fusce,9/26/2018
450,1002,lspavench@prlog.org,quam pede,4/24/2018
451,1007,rcarmanci@friendfeed.com,luctus et ultrices posuere cubilia curae,2/16/2018
452,1076,gbarffordcj@hp.com,lectus aliquam sit amet,2/7/2018
453,1055,akilaleack@businessweek.com,morbi a ipsum integer a,6/25/2018
454,1035,bdrakecl@photobucket.com,eu mi nulla ac enim in,12/6/2017
455,1071,lfowleycm@amazon.co.jp,vestibulum,7/14/2018
456,1063,sevelingcn@webnode.com,vulputate luctus cum sociis natoque,9/2/2018
457,1034,reasbieco@list-manage.com,ultrices posuere,5/4/2018
458,1049,hfeakcp@msu.edu,vehicula condimentum curabitur in,4/24/2018
459,1019,lprovestcq@vkontakte.ru,hac habitasse platea dictumst aliquam augue,6/13/2018
460,1028,mbakhrushkincr@yahoo.com,platea dictumst morbi vestibulum velit id pretium,2/26/2018
461,1001,ttrowbridgecs@google.nl,potenti cras in purus,8/23/2018
462,1032,agetcliffect@hostgator.com,erat quisque erat eros viverra eget congue eget,10/1/2018
463,1062,cpobjaycu@vimeo.com,ipsum aliquam non,7/13/2018
464,1014,kbraisbycv@virginia.edu,donec posuere metus vitae ipsum aliquam,2/3/2018
465,1019,aallattcw@sciencedaily.com,turpis donec posuere metus vitae ipsum aliquam non mauris morbi,8/24/2018
466,1067,lbanckcx@adobe.com,eleifend luctus ultricies eu nibh quisque id justo sit,8/7/2018
467,1065,gabramcikcy@cnn.com,ultrices enim lorem ipsum dolor sit,3/1/2018
468,1047,gpetrollocz@ebay.co.uk,mattis nibh ligula nec sem duis aliquam convallis,9/20/2018
469,1063,bbissattd0@artisteer.com,turpis eget elit sodales scelerisque mauris sit amet eros,3/1/2018
470,1033,cblevind1@whitehouse.gov,sapien sapien non mi integer ac neque duis,6/13/2018
471,1006,jreihmd2@amazonaws.com,turpis enim blandit mi in porttitor,9/16/2018
472,1053,obissattd3@illinois.edu,ullamcorper augue a suscipit,7/5/2018
473,1019,sbodemeaidd4@whitehouse.gov,neque vestibulum,2/20/2018
474,1059,lyakolevd5@123-reg.co.uk,et commodo vulputate justo in blandit ultrices enim,12/8/2017
475,1013,jgowenlockd6@google.es,lacinia sapien quis libero nullam sit amet turpis,6/26/2018
476,1014,cvonbrookd7@wunderground.com,vel augue vestibulum rutrum rutrum neque aenean auctor gravida sem,8/6/2018
477,1001,srichlyd8@mlb.com,consequat dui,7/31/2018
478,1027,hodowdd9@dagondesign.com,lobortis convallis tortor risus dapibus augue vel,10/30/2018
479,1012,khowseleeda@indiegogo.com,ultrices enim lorem ipsum dolor,10/29/2018
480,1050,vpettyfardb@census.gov,ac tellus semper interdum mauris ullamcorper purus sit amet,8/6/2018
481,1053,taggsdc@toplist.cz,sed nisl nunc rhoncus dui,9/21/2018
482,1058,sziehmdd@meetup.com,euismod scelerisque quam turpis adipiscing lorem vitae mattis nibh,7/25/2018
483,1055,kbarnwallde@imgur.com,cras mi pede malesuada in imperdiet et commodo,7/4/2018
484,1030,tvaninidf@dmoz.org,erat,9/9/2018
485,1073,dwellingdg@prlog.org,felis eu,6/15/2018
486,1000,kadelbergdh@sogou.com,justo nec condimentum neque sapien placerat ante nulla justo,3/20/2018
487,1027,csaingdi@lulu.com,erat volutpat in congue,9/24/2018
488,1043,scyplesdj@xinhuanet.com,pellentesque,11/20/2018
489,1003,shuddart3h@aol.com,eu massa donec dapibus duis at velit eu est congue,8/7/2018
490,1040,svondrasekdl@state.tx.us,diam in,6/8/2018
491,1031,dtapplydm@jugem.jp,ornare,12/4/2017
492,1065,adeekdn@unicef.org,rutrum ac lobortis vel dapibus at diam nam,3/1/2018
493,1002,apittolido@barnesandnoble.com,luctus cum sociis natoque penatibus et magnis dis,6/25/2018
494,1003,mramsbydp@nasa.gov,mi nulla ac enim in tempor,10/2/2018
495,1077,hfonesdq@e-recht24.de,odio in hac habitasse platea dictumst maecenas ut,11/11/2018
496,1027,dostlerdr@mashable.com,phasellus sit amet erat,7/14/2018
497,1086,ptrengoveds@nba.com,metus aenean fermentum donec ut mauris eget massa tempor convallis,2/1/2018
498,1036,cpitchersdt@ihg.com,nibh in quis justo maecenas rhoncus aliquam lacus morbi,2/24/2018
499,1036,jelsiedu@diigo.com,natoque penatibus et magnis dis parturient montes nascetur,8/1/2018
500,1035,gbucklerdv@washington.edu,cum,10/25/2018
501,1007,egundrydw@admin.ch,porttitor pede justo eu massa donec,4/27/2018
502,1008,lbraybrookdx@cam.ac.uk,tellus nulla ut erat id mauris,2/21/2018
503,1011,ltruslerdy@nytimes.com,in consequat ut nulla sed accumsan felis ut at dolor,10/24/2018
504,1075,snipperdz@unc.edu,et,11/29/2017
505,1088,hosirine0@statcounter.com,maecenas ut massa quis augue,5/16/2018
506,1083,ptwinboroughe1@ezinearticles.com,dictumst maecenas ut,9/29/2018
507,1026,sgaleye2@github.com,dictumst etiam faucibus cursus,9/21/2018
508,1027,cpoundesforde3@ucla.edu,quam turpis adipiscing lorem vitae mattis,5/15/2018
509,1081,cgogartye4@bbc.co.uk,vivamus,1/15/2018
510,1045,ccapee5@google.ca,suscipit nulla elit ac nulla sed,11/28/2018
511,1065,bbume6@cam.ac.uk,id consequat in consequat ut nulla sed accumsan,6/12/2018
512,1024,ccapnerhurste7@europa.eu,blandit,4/20/2018
513,1049,lplume8@alibaba.com,vestibulum eget vulputate ut ultrices vel augue vestibulum ante,2/10/2018
514,1022,aellinghame9@dailymotion.com,donec vitae nisi nam ultrices libero,7/18/2018
515,1046,ghellicarea@nationalgeographic.com,morbi quis tortor id nulla ultrices aliquet maecenas leo odio,5/29/2018
516,1007,chiggoeeb@edublogs.org,lectus in est risus auctor sed tristique in,5/18/2018
517,1052,rargerec@wiley.com,mauris non ligula pellentesque ultrices phasellus id,1/11/2018
518,1001,hramirezed@xinhuanet.com,consectetuer eget rutrum at lorem,8/3/2018
519,1004,tburdounee@woothemes.com,at vulputate vitae nisl aenean lectus,6/14/2018
520,1017,cburtwellef@list-manage.com,vel enim sit,4/13/2018
521,1024,tkidwelleg@amazon.co.uk,in quam fringilla rhoncus mauris enim leo rhoncus sed vestibulum,12/25/2017
522,1026,kferraneh@nbcnews.com,odio in hac habitasse platea dictumst maecenas ut massa quis,11/19/2018
523,1089,mjaneckiei@economist.com,amet consectetuer adipiscing elit proin interdum,12/6/2017
524,1051,horeillyej@webs.com,in eleifend quam a odio in hac habitasse platea dictumst,10/19/2018
525,1029,rlennardeek@odnoklassniki.ru,erat curabitur gravida nisi at nibh in hac habitasse platea,2/27/2018
526,1056,wjochensel@tuttocitta.it,eget semper,3/11/2018
527,1046,wferridayem@economist.com,tempus semper est,7/7/2018
528,1036,lfergussonen@yahoo.co.jp,eget eleifend luctus ultricies,5/22/2018
529,1074,amiliffeeo@weather.com,vulputate justo in,1/15/2018
530,1016,cshackletonep@webnode.com,sed interdum venenatis turpis enim blandit mi in porttitor pede,10/14/2018
531,1088,kkulvereq@cnet.com,turpis integer aliquet massa,9/19/2018
532,1020,mcowleyer@joomla.org,ut nulla sed accumsan felis ut,9/5/2018
533,1079,chuskinsones@163.com,magnis dis parturient montes,4/23/2018
534,1017,rthurlinget@va.gov,in lectus pellentesque at nulla suspendisse potenti cras,12/7/2017
535,1076,smickaeu@drupal.org,diam neque vestibulum eget vulputate ut ultrices vel,12/16/2017
536,1082,emarthenev@4shared.com,ut nulla sed accumsan felis,3/18/2018
537,1028,jbickew@upenn.edu,condimentum id luctus nec molestie sed justo pellentesque viverra,12/24/2017
538,1023,wreinischex@oracle.com,ut nunc vestibulum ante ipsum,5/28/2018
539,1086,jjakewayey@free.fr,ut odio cras mi,1/16/2018
540,1017,msabenez@narod.ru,pede,7/22/2018
541,1085,mmclaughlanf0@yale.edu,justo etiam pretium iaculis justo in,4/25/2018
542,1039,kruppelf1@yahoo.com,venenatis tristique fusce congue diam,10/31/2018
543,1088,mjeanneauf2@ebay.com,lacus curabitur at ipsum,4/18/2018
544,1058,mflindallf3@cocolog-nifty.com,donec dapibus duis at velit eu est congue elementum in,4/18/2018
545,1079,rbortonf4@wikia.com,tristique est et tempus semper,11/9/2018
546,1038,nvanderdaalf5@diigo.com,dapibus duis at velit eu est congue elementum,11/11/2018
547,1073,hmccormackf6@4shared.com,consequat in consequat ut nulla sed accumsan,1/21/2018
548,1022,kwaliszekf7@rambler.ru,purus eu magna vulputate luctus cum sociis,2/13/2018
549,1000,fellisf8@statcounter.com,sapien placerat ante nulla justo aliquam quis turpis eget elit,11/7/2018
550,1008,acartanf9@mysql.com,volutpat eleifend donec ut dolor morbi vel lectus in quam,11/22/2018
551,1088,hrawcliffefa@shareasale.com,vestibulum ante ipsum primis in faucibus,2/28/2018
552,1064,jgisbyefb@gov.uk,vivamus tortor duis mattis egestas metus aenean fermentum,12/30/2017
553,1000,aguillilandfc@rakuten.co.jp,aliquam non mauris morbi,9/14/2018
554,1075,dschenfischfd@bluehost.com,ultrices libero non,5/11/2018
555,1059,adawidowiczfe@ca.gov,et ultrices,11/15/2018
556,1034,cdevonshireff@businessinsider.com,at dolor quis odio consequat varius integer,7/14/2018
557,1034,nparkesonfg@mail.ru,viverra diam vitae quam,7/17/2018
558,1009,dcockshottfh@privacy.gov.au,fermentum donec ut mauris eget massa tempor convallis nulla,7/17/2018
559,1089,creadwingfi@ebay.co.uk,nullam porttitor lacus at turpis donec posuere,8/8/2018
560,1017,ccervantesfj@vinaora.com,tortor id,7/4/2018
561,1065,lbergfk@free.fr,mauris ullamcorper purus sit amet nulla,6/18/2018
562,1076,mfriddfl@tripadvisor.com,luctus,11/25/2018
563,1028,chuckellfm@devhub.com,lacinia aenean sit amet,9/19/2018
564,1002,lmeirfn@parallels.com,ante ipsum,12/30/2017
565,1058,lplackstonefo@economist.com,nascetur ridiculus mus vivamus vestibulum sagittis sapien cum sociis,4/22/2018
566,1012,knockellsfp@google.co.uk,proin interdum,5/6/2018
567,1052,praymondfq@surveymonkey.com,vestibulum eget,4/28/2018
568,1014,vleighfieldfr@mapquest.com,est donec odio justo,11/10/2018
569,1089,jsyvretfs@reverbnation.com,integer ac neque,8/17/2018
570,1000,djaycocksft@spiegel.de,id luctus nec molestie sed justo pellentesque viverra,5/12/2018
571,1004,pconiberefu@constantcontact.com,augue luctus tincidunt nulla,12/13/2017
572,1006,mpedraccifv@indiatimes.com,in eleifend quam a odio in hac habitasse platea dictumst,12/30/2017
573,1018,rwoollerfw@bandcamp.com,sollicitudin mi sit amet lobortis sapien sapien non,3/7/2018
574,1053,tallawyfx@clickbank.net,non velit donec diam neque vestibulum eget,10/15/2018
575,1040,hkeepfy@state.tx.us,nisl,3/16/2018
576,1060,tmckerleyfz@tripadvisor.com,morbi,5/8/2018
577,1063,blyddong0@smugmug.com,cras,6/6/2018
578,1072,cmeatesg1@wordpress.com,sem duis aliquam convallis nunc proin at turpis,10/22/2018
579,1023,tuttong2@amazon.com,libero quis orci nullam molestie nibh in lectus,9/20/2018
580,1054,bheddang3@businesswire.com,ut nunc vestibulum ante ipsum,10/25/2018
581,1040,kfairfootg4@cbslocal.com,in leo maecenas pulvinar lobortis est,1/26/2018
582,1079,mannearg5@tamu.edu,enim leo rhoncus sed vestibulum sit,8/21/2018
583,1028,afedderg6@mit.edu,accumsan tortor quis turpis,5/4/2018
584,1022,cfaloong7@webeden.co.uk,justo pellentesque viverra pede ac diam cras pellentesque volutpat dui,4/17/2018
585,1074,ajaramg8@alibaba.com,enim blandit mi,11/23/2018
586,1065,mericssong9@altervista.org,rutrum at,3/6/2018
587,1025,achattoega@youtu.be,ac,12/17/2017
588,1005,shuddart3h@aol.com,ultrices vel augue vestibulum ante ipsum primis in faucibus,7/22/2018
589,1022,jsturegc@skyrock.com,penatibus et magnis dis,12/10/2017
590,1009,pballamgd@microsoft.com,metus aenean fermentum donec ut mauris eget,9/24/2018
591,1083,mbonnettge@aol.com,pede ac diam cras pellentesque volutpat dui maecenas,10/3/2018
592,1053,pgrestiegf@people.com.cn,morbi vel,7/3/2018
593,1013,mbraidwoodgg@stanford.edu,vel augue vestibulum ante ipsum,9/12/2018
594,1006,prawlegh@lycos.com,ridiculus mus vivamus vestibulum sagittis sapien,11/21/2018
595,1074,rmuggletongi@soup.io,dui maecenas tristique est et tempus,1/10/2018
596,1056,gassadgj@angelfire.com,leo maecenas pulvinar lobortis est phasellus sit,6/28/2018
597,1019,toregangk@is.gd,nulla suscipit,12/14/2017
598,1018,slandisgl@weebly.com,nulla pede ullamcorper augue a suscipit,2/12/2018
599,1003,grilingsgm@mtv.com,in leo maecenas pulvinar lobortis est phasellus sit amet erat,12/13/2017
600,1083,hdevonaldgn@imageshack.us,consequat ut nulla sed accumsan felis ut at dolor,4/22/2018
601,1028,mslatego@umich.edu,viverra eget congue eget semper rutrum nulla nunc,1/8/2018
602,1035,ifagggp@spotify.com,ipsum primis in faucibus orci luctus et ultrices posuere cubilia,11/16/2018
603,1070,morpwoodgq@washington.edu,gravida nisi at nibh in hac,11/12/2018
604,1027,atoegr@omniture.com,et ultrices posuere cubilia curae mauris viverra diam vitae quam,5/14/2018
605,1012,wadelgs@trellian.com,fringilla rhoncus mauris enim,6/21/2018
606,1060,ldecavillegt@gov.uk,viverra dapibus,8/24/2018
607,1055,gashurstgu@bing.com,vel enim sit amet nunc viverra dapibus,11/18/2018
608,1018,jvowdengv@deviantart.com,lacus morbi,2/3/2018
609,1068,tlowdwellgw@google.ca,in faucibus orci luctus et ultrices,5/20/2018
610,1039,gmacelanegx@woothemes.com,erat,5/24/2018
611,1018,wkohnemanngy@themeforest.net,justo eu massa donec dapibus duis at velit,4/17/2018
612,1047,tlagnegz@pcworld.com,in hac habitasse,5/1/2018
613,1026,gsebastianh0@google.cn,libero nam dui proin,6/7/2018
614,1041,nhealeash1@dyndns.org,elementum in hac habitasse,8/27/2018
615,1020,rschlagtmansh2@nyu.edu,lobortis sapien sapien non,11/2/2018
616,1008,acoasterh3@illinois.edu,lacus morbi quis tortor id nulla ultrices,9/29/2018
617,1080,jstollenh4@about.me,massa tempor,6/8/2018
618,1064,aderoosh5@edublogs.org,duis aliquam convallis nunc,4/3/2018
619,1058,avasileh6@un.org,ipsum,4/25/2018
620,1061,gwebbeh7@vistaprint.com,at,5/14/2018
621,1012,ringerithh8@mlb.com,auctor gravida sem praesent id massa id nisl,10/29/2018
622,1090,cnuddh9@gnu.org,non pretium quis lectus suspendisse potenti in eleifend quam a,11/11/2018
623,1086,ytenderha@cbslocal.com,nunc purus phasellus in felis,11/22/2018
624,1047,pchipphb@nba.com,iaculis diam erat fermentum justo,9/19/2018
625,1028,rbaloghc@dell.com,cum sociis natoque penatibus et magnis dis,4/12/2018
626,1064,rledamunhd@wordpress.org,massa,1/12/2018
627,1019,aledgisterhe@delicious.com,nulla justo aliquam quis turpis eget elit,5/9/2018
628,1047,hivanovhf@geocities.com,volutpat,4/1/2018
629,1014,sohlsenhg@shinystat.com,dis parturient montes nascetur ridiculus mus vivamus,2/21/2018
630,1049,madelhh@dot.gov,vel augue vestibulum rutrum rutrum neque aenean auctor gravida,10/28/2018
631,1051,nmartinetshi@dion.ne.jp,morbi vestibulum velit id,1/17/2018
632,1035,blowmasshj@ed.gov,porttitor lacus at turpis donec posuere metus vitae ipsum aliquam,9/6/2018
633,1032,tlecontehk@studiopress.com,vel est donec odio justo sollicitudin ut suscipit,6/24/2018
634,1078,tgrayshanhl@ucoz.com,vel nulla eget eros elementum,9/23/2018
635,1003,etwiggehm@tuttocitta.it,felis fusce posuere,12/28/2017
636,1059,ccolbrunhn@so-net.ne.jp,sociis natoque penatibus et magnis dis parturient montes,3/17/2018
637,1003,nschreiho@abc.net.au,nisi vulputate nonummy maecenas tincidunt lacus at,5/8/2018
638,1028,msuthworthhp@opera.com,aliquam convallis nunc proin at,1/2/2018
639,1090,azannutohq@vk.com,amet eleifend pede libero quis orci,5/7/2018
640,1056,avendittohr@symantec.com,a,7/30/2018
641,1019,mpraterhs@altervista.org,et ultrices posuere cubilia curae donec,7/14/2018
642,1048,cbudgeonht@oaic.gov.au,sagittis nam congue risus semper,12/18/2017
643,1009,croggeronehu@mediafire.com,gravida nisi at nibh in hac habitasse platea,10/14/2018
644,1015,fhartlesshv@nationalgeographic.com,est,1/10/2018
645,1012,lnisethw@nytimes.com,vivamus metus arcu adipiscing molestie hendrerit at vulputate vitae,7/25/2018
646,1003,fstokeyhx@zimbio.com,ut suscipit a feugiat et eros,7/26/2018
647,1036,cballamhy@independent.co.uk,in blandit ultrices enim lorem ipsum dolor,4/6/2018
648,1039,dbonushz@livejournal.com,nibh fusce lacus purus aliquet at feugiat,11/22/2018
649,1049,llutasi0@go.com,turpis,5/29/2018
650,1006,cmurri1@stanford.edu,eleifend quam a,5/6/2018
651,1084,acarrolli2@ifeng.com,rutrum neque aenean auctor gravida sem praesent,2/3/2018
652,1070,tarnowitzi3@plala.or.jp,cras in purus eu magna vulputate luctus cum,9/7/2018
653,1073,abarltropi4@archive.org,in eleifend quam a odio in,7/28/2018
654,1080,bmcilvennyi5@tinyurl.com,nulla eget eros elementum pellentesque quisque porta volutpat erat quisque,7/1/2018
655,1068,dhaddicki6@squarespace.com,risus auctor sed tristique in,11/14/2018
656,1019,acaddensi7@examiner.com,vestibulum ante ipsum primis in faucibus orci luctus et ultrices,8/16/2018
657,1004,dogglebiei8@eventbrite.com,ultrices phasellus,11/7/2018
658,1002,kcobellii9@sakura.ne.jp,ridiculus,7/8/2018
659,1079,drebeiroia@eventbrite.com,odio consequat varius integer ac,2/4/2018
660,1018,wbarnwellib@hugedomains.com,ipsum aliquam,8/16/2018
661,1038,vyantsurevic@unesco.org,augue a suscipit nulla elit,3/23/2018
662,1008,smacguffogid@nhs.uk,et tempus semper est quam pharetra magna ac,6/1/2018
663,1020,jtomlettie@omniture.com,nulla ac enim in tempor turpis nec,9/27/2018
664,1028,sthoresbyif@wordpress.com,ipsum integer a nibh in quis justo maecenas rhoncus aliquam,2/9/2018
665,1084,ayoakleyig@illinois.edu,congue diam id ornare imperdiet sapien urna,10/27/2018
666,1052,fwilhelmyih@tripod.com,curabitur convallis duis consequat,2/6/2018
667,1038,dpayii@yolasite.com,nullam porttitor lacus at turpis donec posuere metus,6/25/2018
668,1057,mpitkeathleyij@i2i.jp,sapien arcu sed augue aliquam erat volutpat in,2/2/2018
669,1069,eaddionisioik@example.com,justo in hac habitasse platea,6/10/2018
670,1062,rtattooil@cyberchimps.com,et magnis dis parturient,12/3/2017
671,1067,laldcorneim@washington.edu,adipiscing lorem vitae mattis nibh ligula nec sem duis,5/1/2018
672,1033,arafflesin@bbb.org,nunc viverra dapibus,10/9/2018
673,1007,rjamrowiczio@dyndns.org,ipsum primis in,9/23/2018
674,1062,lbrightip@squidoo.com,sem fusce,3/20/2018
675,1010,agrisewoodiq@yolasite.com,augue,6/7/2018
676,1026,vnuttingir@mlb.com,dis parturient montes nascetur ridiculus mus etiam vel augue vestibulum,11/7/2018
677,1078,gkleynenis@fc2.com,pede ac diam cras pellentesque volutpat,3/16/2018
678,1052,tkennanit@hao123.com,morbi non lectus aliquam sit amet diam in magna bibendum,5/2/2018
679,1058,vbosenceiu@blogspot.com,rhoncus aliquet pulvinar sed nisl nunc rhoncus dui vel,10/19/2018
680,1043,sibarraiv@i2i.jp,libero ut massa volutpat convallis morbi odio odio,3/19/2018
681,1064,waharoniiw@tmall.com,vivamus vestibulum sagittis sapien cum sociis natoque penatibus,1/1/2018
682,1069,hcianelliix@buzzfeed.com,sed vestibulum sit amet cursus id,6/20/2018
683,1086,arainciniy@google.co.jp,rutrum rutrum,3/6/2018
684,1043,mclymeriz@blogtalkradio.com,vitae mattis nibh,5/21/2018
685,1036,hfelcej0@upenn.edu,amet eleifend pede libero quis orci nullam,2/27/2018
686,1090,abrancaj1@wordpress.com,in sagittis dui vel nisl,6/13/2018
687,1067,ayvonj2@ocn.ne.jp,praesent lectus vestibulum quam sapien varius ut blandit,12/5/2017
688,1046,aludlj3@google.ca,ridiculus mus etiam vel augue vestibulum rutrum rutrum neque aenean,6/20/2018
689,1056,greddellj4@google.com.br,aliquam convallis nunc proin at turpis a,2/16/2018
690,1035,tbraithwaitj5@blinklist.com,etiam faucibus cursus urna ut tellus nulla ut erat id,2/3/2018
691,1029,sabramskij6@php.net,duis at velit eu est congue elementum in hac habitasse,5/9/2018
692,1067,emandalj7@themeforest.net,odio cras mi pede malesuada in,3/18/2018
693,1042,srottej8@nsw.gov.au,nisi nam ultrices libero,2/16/2018
694,1025,jmaccardlej9@wiley.com,pede venenatis non,10/15/2018
695,1063,cmikalskija@google.pl,bibendum morbi,4/26/2018
696,1006,mkindelljb@sohu.com,justo lacinia eget tincidunt,7/4/2018
697,1066,akemelljc@nsw.gov.au,convallis nulla neque libero,11/18/2018
698,1039,rbeaconsalljd@canalblog.com,nulla,12/30/2017
699,1045,eriachje@sbwire.com,tempus vivamus in felis eu sapien,12/8/2017
700,1006,cwhightjf@instagram.com,non mattis,12/9/2017
701,1057,hhubbersteyjg@barnesandnoble.com,metus vitae ipsum aliquam non mauris morbi non lectus,3/31/2018
702,1084,aferrandezjh@squidoo.com,condimentum neque sapien placerat ante nulla justo aliquam,12/30/2017
703,1008,apigdonji@studiopress.com,tincidunt ante vel ipsum praesent blandit lacinia erat vestibulum sed,4/18/2018
704,1008,astainbridgejj@vimeo.com,phasellus id sapien in sapien iaculis congue vivamus,11/28/2018
705,1070,cmattheisjk@typepad.com,interdum eu,6/25/2018
706,1071,reddowjl@nih.gov,sagittis sapien cum sociis natoque penatibus et,3/3/2018
707,1007,ldufaurjm@alexa.com,libero convallis eget eleifend luctus ultricies eu nibh,7/20/2018
708,1022,jalabonejn@tripadvisor.com,ligula in lacus curabitur at ipsum ac tellus semper interdum,12/7/2017
709,1088,hhainningjo@opensource.org,in,4/11/2018
710,1067,vhearthfieldjp@ted.com,donec posuere,3/6/2018
711,1005,shuddart3h@aol.com.au,platea dictumst morbi,12/6/2017
712,1034,smcjuryjr@constantcontact.com,sit amet nunc viverra dapibus nulla suscipit ligula in lacus,1/25/2018
713,1066,mboumphreyjs@gravatar.com,ut tellus nulla ut erat id,3/26/2018
714,1037,crenforthjt@goodreads.com,libero non mattis pulvinar,7/4/2018
715,1043,dbilamju@globo.com,proin eu mi nulla ac enim in tempor turpis,3/6/2018
716,1043,delgoodjv@lycos.com,quis,5/9/2018
717,1070,snauljw@ihg.com,nulla facilisi cras non velit nec nisi,3/4/2018
718,1047,agobeljx@washingtonpost.com,scelerisque quam turpis adipiscing,5/20/2018
719,1073,tlowdwelljy@sbwire.com,a odio in hac habitasse platea dictumst maecenas ut massa,5/22/2018
720,1048,baizikovitzjz@google.com.hk,tortor,1/10/2018
721,1062,bheamsk0@plala.or.jp,rutrum rutrum,5/12/2018
722,1006,vstandevenk1@cafepress.com,velit donec diam neque vestibulum eget vulputate ut,9/4/2018
723,1038,rsteark2@yolasite.com,eu magna vulputate luctus cum sociis natoque penatibus et,9/5/2018
724,1007,ovickerstaffk3@mediafire.com,morbi sem mauris laoreet ut rhoncus aliquet,1/18/2018
725,1040,amckeurtonk4@moonfruit.com,nisi venenatis tristique fusce congue,12/9/2017
726,1010,abritcherk5@engadget.com,urna pretium nisl,1/26/2018
727,1066,edevorillk6@youtu.be,vel,6/23/2018
728,1077,ghaytok7@stanford.edu,integer pede justo lacinia eget,7/20/2018
729,1023,fjoselovitchk8@mozilla.com,neque,12/18/2017
730,1031,mchesnutk9@hibu.com,vulputate justo in blandit ultrices enim lorem ipsum dolor,6/15/2018
731,1052,tmushetka@usnews.com,congue eget semper,5/31/2018
732,1039,awycliffekb@java.com,sit amet justo morbi ut odio cras mi,8/2/2018
733,1060,dbluemankc@canalblog.com,etiam faucibus cursus urna ut tellus nulla ut erat id,4/3/2018
734,1065,farrkd@home.pl,mauris enim leo rhoncus sed vestibulum sit amet cursus,4/18/2018
735,1018,lferraoke@youku.com,hac,3/3/2018
736,1008,dlampreykf@webnode.com,id massa id nisl venenatis lacinia aenean,3/5/2018
737,1081,dfreckletonkg@is.gd,neque,7/26/2018
738,1042,afellinikh@bravesites.com,nonummy integer non velit donec,8/24/2018
739,1083,dburetki@cpanel.net,morbi non quam nec dui luctus rutrum nulla,6/10/2018
740,1010,hdjurdjevickj@skyrock.com,ac nulla,2/13/2018
741,1062,bhoveekk@prnewswire.com,eu,9/4/2018
742,1060,cwinspurkl@csmonitor.com,in purus eu magna vulputate luctus,6/28/2018
743,1053,mgradonkm@biblegateway.com,aliquet pulvinar sed,10/27/2018
744,1076,llagokn@trellian.com,justo sollicitudin,12/27/2017
745,1089,bmohammadko@surveymonkey.com,quis orci eget orci vehicula condimentum,11/26/2018
746,1088,amarzellanokp@webs.com,in felis donec semper sapien,9/13/2018
747,1030,fgillivriekq@baidu.com,nulla nisl nunc nisl duis bibendum felis sed,10/23/2018
748,1029,gbrenardkr@mapy.cz,iaculis congue vivamus metus arcu adipiscing,11/9/2018
749,1074,bmayceyks@linkedin.com,nullam,2/22/2018
750,1078,dgrundykt@amazon.com,ut erat id mauris vulputate elementum,1/15/2018
751,1023,mbigadikeku@intel.com,sed nisl nunc rhoncus dui vel sem sed sagittis,7/4/2018
752,1021,kisherwoodkv@ameblo.jp,purus aliquet at feugiat non pretium quis,1/26/2018
753,1038,nslaughterkw@reuters.com,ut odio cras mi pede malesuada in,5/30/2018
754,1039,mbucklerkx@columbia.edu,at nunc commodo placerat praesent,12/26/2017
755,1044,mgernierky@loc.gov,turpis a pede posuere nonummy integer non,7/29/2018
756,1027,mwhetsonkz@google.ru,mi pede malesuada in imperdiet et commodo,9/17/2018
757,1023,lbroadeyl0@e-recht24.de,pede lobortis ligula sit amet eleifend pede libero,1/22/2018
758,1050,enouchl1@google.fr,molestie hendrerit at vulputate vitae,6/2/2018
759,1034,arowthl2@lulu.com,vestibulum sagittis,8/30/2018
760,1042,jskellyl3@ow.ly,mauris,3/1/2018
761,1003,vkunischl4@g.co,volutpat erat quisque erat eros viverra,11/5/2018
762,1084,lparcelll5@tripod.com,luctus tincidunt nulla mollis molestie lorem quisque ut erat,4/18/2018
763,1006,dhurranl6@phpbb.com,aliquet at feugiat non pretium quis lectus suspendisse,2/24/2018
764,1041,rfiggessl7@si.edu,amet cursus,8/24/2018
765,1052,ctorril8@last.fm,iaculis congue vivamus,12/8/2017
766,1033,bswynfenl9@gnu.org,maecenas pulvinar lobortis est phasellus sit amet erat nulla tempus,6/28/2018
767,1053,hburgoynela@mapquest.com,eget rutrum at,3/23/2018
768,1087,fmagoglb@netscape.com,consequat morbi a ipsum integer a,11/11/2018
769,1027,rlordlc@harvard.edu,sed sagittis,7/3/2018
770,1023,gkornyshevld@senate.gov,lacus curabitur at ipsum ac,11/14/2018
771,1077,hcopestickle@cisco.com,morbi odio odio elementum eu,5/26/2018
772,1057,blountlf@soup.io,aliquet pulvinar sed nisl nunc rhoncus,11/5/2018
773,1012,lteazlg@simplemachines.org,viverra diam vitae quam suspendisse potenti nullam porttitor lacus,7/29/2018
774,1019,ielsbylh@alibaba.com,ut odio cras mi pede malesuada in imperdiet,4/3/2018
775,1049,lbirtwhistleli@senate.gov,lacinia erat vestibulum sed magna at nunc commodo placerat praesent,6/25/2018
776,1000,lproudlerlj@mediafire.com,molestie hendrerit at vulputate vitae nisl aenean,7/6/2018
777,1009,kandreulk@wordpress.com,praesent blandit lacinia,6/12/2018
778,1025,amcguiganll@ifeng.com,nunc vestibulum ante ipsum primis in faucibus orci luctus et,7/13/2018
779,1051,mtrevearlm@bandcamp.com,arcu sed augue aliquam erat volutpat in congue,6/16/2018
780,1017,bmacgiollaln@arstechnica.com,vitae consectetuer eget rutrum at lorem,9/2/2018
781,1000,rrosenblattlo@chronoengine.com,enim,5/25/2018
782,1061,mdomerclp@amazon.com,metus aenean fermentum donec ut mauris,1/19/2018
783,1055,mmcwilliamslq@seesaa.net,sodales sed tincidunt eu felis fusce posuere felis sed lacus,1/25/2018
784,1067,lorgilllr@gmpg.org,dapibus duis at velit eu est congue elementum in hac,3/31/2018
785,1035,awildels@reuters.com,pulvinar sed nisl nunc rhoncus dui vel,12/2/2017
786,1032,kgibbettslt@comcast.net,morbi vel lectus in,1/21/2018
787,1045,kcoitelu@mysql.com,ultrices posuere,7/8/2018
788,1012,msimantslv@ca.gov,vulputate luctus cum sociis natoque penatibus et magnis,8/5/2018
789,1080,gcareklw@senate.gov,in est risus auctor sed,5/11/2018
790,1025,mlavallielx@icq.com,volutpat,6/30/2018
791,1027,rchettlely@homestead.com,sapien iaculis,8/14/2018
792,1021,pkoberalz@cyberchimps.com,pulvinar,9/21/2018
793,1029,sborboroughm0@typepad.com,nulla nisl nunc nisl duis bibendum felis sed interdum venenatis,4/20/2018
794,1058,dmauldenm1@ucoz.com,mauris morbi non,10/10/2018
795,1077,ntraskm2@slideshare.net,nam ultrices libero non mattis pulvinar,8/24/2018
796,1069,jhuggettm3@ucoz.com,pede justo lacinia,4/12/2018
797,1031,ndirandm4@creativecommons.org,at turpis donec posuere metus vitae ipsum aliquam,12/31/2017
798,1036,nadnamsm5@hp.com,morbi odio odio elementum eu,10/24/2018
799,1007,tpoultneym6@google.co.jp,at lorem integer tincidunt ante vel ipsum praesent blandit lacinia,12/19/2017
800,1041,rullettm7@blogspot.com,lacus at,1/8/2018
801,1036,umaclicem8@hatena.ne.jp,integer ac neque duis bibendum morbi non quam nec,6/27/2018
802,1012,jbiesterfeldm9@dion.ne.jp,cubilia curae,11/14/2018
803,1013,mtimebyma@abc.net.au,diam erat fermentum justo,10/29/2018
804,1017,lheadanmb@cargocollective.com,amet,1/19/2018
805,1026,mspiniellomc@macromedia.com,id lobortis convallis tortor,11/18/2018
806,1048,seglingtonmd@java.com,rutrum,12/9/2017
807,1035,bcheatleme@sohu.com,congue etiam justo etiam pretium iaculis justo in hac,7/19/2018
808,1090,wdeverillemf@taobao.com,sapien dignissim vestibulum vestibulum ante ipsum primis in,1/29/2018
809,1060,akorfmannmg@usnews.com,eleifend quam a odio in hac habitasse platea,3/14/2018
810,1013,fclaveymh@toplist.cz,ac diam,11/19/2018
811,1076,sfranzonettimi@google.ca,et ultrices posuere cubilia curae mauris viverra diam vitae,3/10/2018
812,1006,skunmj@fc2.com,proin,10/15/2018
813,1043,tglaspermk@webnode.com,diam neque vestibulum,11/21/2018
814,1029,hmainml@nationalgeographic.com,suscipit a feugiat et eros vestibulum ac,4/12/2018
815,1048,aatteridgemm@ameblo.jp,urna pretium nisl ut volutpat sapien arcu sed,7/29/2018
816,1059,wrishmanmn@seattletimes.com,maecenas tristique est,7/4/2018
817,1054,mbrameltmo@lycos.com,parturient montes nascetur ridiculus mus vivamus vestibulum sagittis sapien cum,12/9/2017
818,1038,wvintonmp@yandex.ru,velit donec diam neque vestibulum eget vulputate ut ultrices vel,11/4/2018
819,1005,shuddart3h@aol.com,lorem id ligula suspendisse ornare,3/14/2018
820,1071,dhasleymr@toplist.cz,molestie lorem quisque ut,12/2/2017
821,1022,opyvisms@hostgator.com,cubilia curae,1/30/2018
822,1077,asemormt@edublogs.org,justo pellentesque viverra pede,3/28/2018
823,1015,mleitchmu@furl.net,turpis eget elit,6/2/2018
824,1006,edranfieldmv@plala.or.jp,amet sem fusce consequat nulla nisl nunc nisl duis,3/7/2018
825,1005,akirkmanmw@bigcartel.com,justo sollicitudin ut suscipit a feugiat et eros,7/3/2018
826,1050,egodartmx@barnesandnoble.com,a suscipit nulla,9/10/2018
827,1032,kwrigleymy@weibo.com,fusce consequat nulla,7/29/2018
828,1026,jdelacimz@huffingtonpost.com,vel ipsum praesent blandit lacinia erat vestibulum sed magna,5/10/2018
829,1031,brolancen0@stanford.edu,duis aliquam convallis nunc proin at turpis a,12/2/2017
830,1015,mmalkinn1@epa.gov,vestibulum ante,2/13/2018
831,1046,jdilaweyn2@newyorker.com,felis fusce,2/26/2018
832,1087,sroosn3@xing.com,vel nulla eget eros elementum pellentesque quisque,11/26/2018
833,1059,kparkissonn4@vistaprint.com,volutpat in congue etiam justo etiam pretium iaculis justo in,9/5/2018
834,1043,sbecksonn5@reverbnation.com,lectus,3/16/2018
835,1051,hbucklern6@themeforest.net,morbi non quam nec dui luctus rutrum nulla,8/10/2018
836,1067,santhoinen7@goodreads.com,libero nam dui proin leo odio porttitor id,9/5/2018
837,1045,blafrentzn8@mlb.com,mauris enim leo rhoncus,10/31/2018
838,1030,ceveralln9@canalblog.com,hac habitasse platea dictumst aliquam augue,4/2/2018
839,1037,cmcduffyna@vimeo.com,turpis a pede posuere nonummy integer non,2/24/2018
840,1005,pcollcuttnb@washingtonpost.com,at nulla suspendisse potenti,4/1/2018
841,1014,ksorbienc@lulu.com,amet consectetuer adipiscing elit,6/26/2018
842,1037,csmithernd@seesaa.net,tristique in tempus sit amet sem,7/27/2018
843,1007,hjozwikne@cnet.com,bibendum,6/30/2018
844,1029,rjoelnf@foxnews.com,vulputate,4/1/2018
845,1045,riacopong@nationalgeographic.com,ornare consequat,8/1/2018
846,1061,cgemsonnh@4shared.com,blandit lacinia erat,1/29/2018
847,1052,hcleminshawni@shinystat.com,felis fusce posuere felis sed lacus morbi,4/27/2018
848,1017,lmcauleynj@shop-pro.jp,primis,7/9/2018
849,1066,jitternk@a8.net,metus vitae ipsum aliquam non mauris morbi non,11/15/2018
850,1014,bcarnewnl@ow.ly,morbi non lectus aliquam sit amet diam in,8/11/2018
851,1081,bswaddennm@typepad.com,imperdiet nullam orci pede venenatis non sodales sed,3/6/2018
852,1069,mmulberynn@dion.ne.jp,arcu,6/24/2018
853,1025,ioventonno@elegantthemes.com,non mauris morbi,3/7/2018
854,1080,lendlenp@house.gov,augue vestibulum ante ipsum primis in faucibus orci luctus et,7/1/2018
855,1028,cbrugsmanq@360.cn,facilisi cras non velit nec nisi vulputate nonummy maecenas,2/6/2018
856,1029,mmcgillivrienr@si.edu,vulputate ut ultrices vel,8/26/2018
857,1078,cbussensns@yale.edu,sapien placerat ante nulla justo aliquam quis,5/5/2018
858,1029,yiashvilint@discovery.com,iaculis justo in,4/14/2018
859,1014,apennycuicknu@google.pl,elementum pellentesque quisque,6/10/2018
860,1023,epechannv@dell.com,consectetuer eget,9/22/2018
861,1002,acastronw@sina.com.cn,faucibus orci luctus et ultrices posuere cubilia curae mauris,10/30/2018
862,1019,kkleinermannx@netvibes.com,leo maecenas pulvinar lobortis est phasellus,3/7/2018
863,1025,srosbothamny@livejournal.com,tincidunt ante vel ipsum praesent blandit lacinia erat vestibulum,9/28/2018
864,1039,jchurmsnz@house.gov,ornare imperdiet sapien urna pretium nisl ut,8/28/2018
865,1012,gcastellso0@cdc.gov,est,11/19/2018
866,1043,mchafneyo1@ucsd.edu,lorem ipsum dolor sit amet consectetuer adipiscing elit,5/1/2018
867,1044,denzleyo2@shareasale.com,congue diam id ornare imperdiet sapien urna pretium nisl ut,11/28/2018
868,1002,fdelacrouxo3@ow.ly,volutpat in,6/27/2018
869,1037,dclaridgeo4@xrea.com,non mi integer ac neque duis,9/19/2018
870,1023,tbrymhamo5@histats.com,eget massa tempor convallis nulla neque libero,6/26/2018
871,1040,tleadbeatero6@gmpg.org,congue elementum in hac habitasse platea dictumst,2/4/2018
872,1016,fmockfordo7@reddit.com,morbi,4/19/2018
873,1051,gcaldwello8@icq.com,id justo sit amet,12/6/2017
874,1006,mtenanto9@google.co.uk,nisl venenatis lacinia aenean sit amet justo morbi ut odio,7/10/2018
875,1021,icreginoa@squarespace.com,rutrum nulla tellus in sagittis dui,6/29/2018
876,1061,jgrabertob@china.com.cn,in faucibus orci luctus et ultrices,3/19/2018
877,1075,ngarrowoc@eepurl.com,volutpat sapien arcu sed augue,4/8/2018
878,1049,gpuesod@list-manage.com,eu interdum eu tincidunt,3/29/2018
879,1044,ccopellooe@answers.com,mauris non ligula,12/26/2017
880,1040,jlattieof@i2i.jp,eu,12/25/2017
881,1069,ehugonnetog@zimbio.com,faucibus accumsan odio curabitur convallis,4/18/2018
882,1003,aromneyoh@wikipedia.org,vel dapibus at diam nam tristique,3/31/2018
883,1025,knafzigeroi@shutterfly.com,suscipit ligula in lacus curabitur at ipsum ac tellus semper,12/3/2017
884,1036,jrowettoj@nifty.com,tincidunt ante vel ipsum praesent blandit lacinia erat vestibulum,12/12/2017
885,1019,landrysiakok@feedburner.com,gravida nisi at nibh in hac habitasse platea dictumst aliquam,7/18/2018
886,1000,hsainsburyol@omniture.com,dui vel,3/7/2018
887,1039,nwimpeyom@pinterest.com,orci luctus,1/18/2018
888,1056,nmayneon@virginia.edu,nunc commodo placerat praesent,8/23/2018
889,1052,jwithamsoo@webeden.co.uk,quis libero nullam sit amet turpis elementum ligula,2/7/2018
890,1065,truddyop@spotify.com,amet,10/18/2018
891,1032,mtaileoq@ebay.co.uk,ante vel ipsum praesent blandit lacinia,1/6/2018
892,1029,ofowlsor@webs.com,ornare consequat lectus in est,7/30/2018
893,1036,vstandonos@sciencedaily.com,cubilia,10/17/2018
894,1077,ayurmanovevot@free.fr,mattis,12/24/2017
895,1050,pskitteralou@gnu.org,vel ipsum praesent blandit lacinia erat vestibulum,2/12/2018
896,1043,tpesterov@list-manage.com,cubilia curae nulla,8/13/2018
897,1024,dmawfordow@omniture.com,integer a,1/11/2018
898,1068,mvarnesox@ebay.com,odio cras mi pede malesuada,11/6/2018
899,1016,hdobrowolskioy@google.ca,nulla sed,7/8/2018
900,1040,ckileyoz@netlog.com,consectetuer eget,9/21/2018
901,1074,lhancoxp0@devhub.com,eu massa donec dapibus duis at velit eu est,6/2/2018
902,1014,mbartolp1@examiner.com,sit amet cursus id,8/17/2018
903,1089,ieilhertsenp2@delicious.com,orci luctus,2/25/2018
904,1010,icolleranp3@naver.com,sapien varius ut,8/12/2018
905,1070,tfludep4@163.com,quisque porta,12/9/2017
906,1071,rratnegep5@twitpic.com,risus dapibus augue vel accumsan,11/18/2018
907,1054,bgerckensp6@unc.edu,volutpat dui,6/2/2018
908,1081,ndumbrillp7@apache.org,elementum eu,11/28/2018
909,1051,ocoldridgep8@rambler.ru,commodo vulputate justo in,8/28/2018
910,1054,ochalkerp9@wunderground.com,ante ipsum primis in,9/20/2018
911,1066,pbrayleypa@bravesites.com,posuere metus,7/13/2018
912,1081,pphinnispb@china.com.cn,tempus sit amet sem fusce consequat nulla nisl,10/25/2018
913,1003,abucklandpc@meetup.com,vel lectus in quam,6/2/2018
914,1086,cloffillpd@soundcloud.com,quis augue luctus tincidunt,4/29/2018
915,1022,ppertpe@unblog.fr,mauris ullamcorper purus sit amet nulla quisque arcu libero,9/25/2018
916,1009,cserrurierpf@yandex.ru,auctor gravida sem praesent id massa id,7/9/2018
917,1068,nwestallpg@deliciousdays.com,at vulputate vitae nisl aenean lectus pellentesque eget,12/25/2017
918,1081,tmcconvilleph@1und1.de,neque libero,10/21/2018
919,1003,mwestrippi@google.de,velit eu est congue elementum in hac habitasse,7/30/2018
920,1082,tmathonnetpj@de.vu,dui maecenas tristique est et tempus semper est,3/29/2018
921,1072,kdungatepk@ftc.gov,varius integer ac leo pellentesque ultrices mattis,4/29/2018
922,1067,sgilleasepl@shutterfly.com,eu tincidunt in leo maecenas,10/3/2018
923,1046,fmundellpm@sakura.ne.jp,in,6/25/2018
924,1043,olownpn@psu.edu,odio,11/20/2018
925,1007,jpavypo@ox.ac.uk,congue,5/21/2018
926,1081,rwhitehallpp@pen.io,vivamus in felis eu sapien cursus vestibulum proin eu,9/30/2018
927,1039,chatleypq@hexun.com,elit ac nulla sed vel,2/16/2018
928,1002,mbothamspr@is.gd,rhoncus,12/2/2017
929,1022,vfranceyps@163.com,nibh in hac habitasse platea dictumst aliquam augue quam,10/1/2018
930,1024,jvestpt@baidu.com,augue,3/10/2018
931,1053,cizhakovpu@archive.org,praesent id massa,3/20/2018
932,1031,lbudgepv@washington.edu,integer aliquet massa id lobortis convallis tortor risus dapibus augue,7/5/2018
933,1058,rcavellpw@a8.net,nibh ligula nec sem duis aliquam convallis,10/9/2018
934,1062,jseyspx@biglobe.ne.jp,eleifend pede libero quis orci nullam molestie,11/18/2018
935,1033,gleekpy@prlog.org,maecenas tristique est et tempus semper,11/30/2017
936,1005,bcatonpz@sakura.ne.jp,augue quam sollicitudin vitae consectetuer,3/14/2018
937,1070,lsteningq0@sun.com,quam turpis,9/20/2018
938,1063,mdaviddeq1@imageshack.us,varius integer ac leo pellentesque ultrices mattis odio,5/28/2018
939,1053,pgrosvenerq2@columbia.edu,volutpat dui maecenas tristique est et tempus semper,9/22/2018
940,1029,sswainstonq3@mapy.cz,vestibulum sit amet cursus id turpis integer aliquet massa,5/26/2018
941,1033,lmaddernq4@g.co,tellus nulla ut erat id mauris vulputate elementum nullam,3/18/2018
942,1032,gstollhoferq5@macromedia.com,suspendisse ornare consequat lectus in est risus auctor sed tristique,11/22/2018
943,1061,ddelouchq6@loc.gov,etiam pretium iaculis justo,3/9/2018
944,1081,lfrowdq7@gnu.org,nullam molestie nibh in lectus pellentesque at nulla,8/1/2018
945,1080,nhumbyq8@who.int,nibh quisque,3/25/2018
946,1015,deddyq9@51.la,rhoncus sed vestibulum sit amet,3/18/2018
947,1052,afeechumqa@constantcontact.com,proin interdum mauris non ligula pellentesque,2/5/2018
948,1054,mklimeckiqb@who.int,cras mi pede malesuada in imperdiet et commodo vulputate,8/12/2018
949,1028,imenceqc@amazon.co.uk,odio cras mi pede malesuada in imperdiet,8/3/2018
950,1088,ateeqd@uol.com.br,tempus,8/8/2018
951,1050,bsonleyqe@miibeian.gov.cn,non quam nec dui luctus rutrum nulla tellus in,4/24/2018
952,1010,fflemingqf@themeforest.net,rutrum at lorem,7/5/2018
953,1015,cmccereryqg@yahoo.com,dapibus nulla,6/10/2018
954,1062,sbeauchampqh@ask.com,ultrices erat tortor sollicitudin,2/16/2018
955,1053,pmolineuxqi@myspace.com,amet nunc viverra dapibus nulla suscipit ligula in lacus curabitur,9/5/2018
956,1026,kolyetqj@i2i.jp,lacinia nisi,7/6/2018
957,1035,ahearneqk@hhs.gov,risus semper porta volutpat,6/23/2018
958,1065,gwildinql@state.tx.us,aenean fermentum donec,3/19/2018
959,1006,cleyreqm@parallels.com,accumsan odio curabitur convallis duis consequat,4/10/2018
960,1068,uhabbesqn@nytimes.com,amet lobortis sapien sapien non mi integer ac neque,12/11/2017
961,1049,sflanneqo@newsvine.com,sollicitudin mi sit amet lobortis sapien,11/10/2018
962,1071,mholleyqp@nps.gov,tellus in,1/21/2018
963,1020,lludoviciqq@cnet.com,ipsum primis in faucibus orci luctus et ultrices posuere,7/10/2018
964,1069,awadesonqr@yandex.ru,consequat lectus in est risus auctor,3/24/2018
965,1069,cshimmansqs@biglobe.ne.jp,congue etiam justo etiam pretium iaculis justo,1/31/2018
966,1048,bkermannesqt@cdc.gov,donec posuere,12/1/2017
967,1084,idosedalequ@angelfire.com,rhoncus sed vestibulum sit amet,6/1/2018
968,1077,efearfullqv@ustream.tv,quis turpis sed ante vivamus tortor duis,10/14/2018
969,1005,sspurwayqw@kickstarter.com,nibh ligula,12/22/2017
970,1035,msilleqx@cmu.edu,turpis,2/9/2018
971,1016,rdambrosiqy@theguardian.com,aliquam,8/15/2018
972,1008,jmicheauqz@squarespace.com,ut,8/22/2018
973,1058,cbootellr0@theglobeandmail.com,eu felis fusce posuere felis sed lacus morbi,7/23/2018
974,1022,khelixr1@fema.gov,phasellus id sapien,12/17/2017
975,1021,agreesonr2@hostgator.com,quis augue luctus tincidunt nulla mollis,5/20/2018
976,1056,soutramr3@cafepress.com,eget congue eget semper rutrum,10/18/2018
977,1069,mpaulyr4@businessinsider.com,maecenas tincidunt lacus at velit vivamus vel nulla eget eros,8/17/2018
978,1069,bbouldonr5@ucla.edu,ac nulla sed,10/11/2018
979,1070,ekennar6@ft.com,potenti nullam porttitor lacus at turpis donec posuere,6/11/2018
980,1051,vmillamr7@sciencedaily.com,amet diam in magna bibendum imperdiet nullam orci,1/17/2018
981,1084,elewcockr8@statcounter.com,tincidunt nulla mollis molestie lorem quisque ut erat curabitur gravida,1/10/2018
982,1039,tbenninckr9@sohu.com,laoreet ut rhoncus,5/6/2018
983,1086,sludlammera@uiuc.edu,amet turpis elementum ligula vehicula consequat morbi a ipsum,8/15/2018
984,1083,plamblinrb@ucoz.ru,adipiscing elit,4/23/2018
985,1090,bmenlowrc@soup.io,pede posuere nonummy integer non velit donec,8/11/2018
986,1014,bcrewesrd@example.com,consequat lectus in est risus,11/21/2018
987,1015,mvandecastelere@hibu.com,primis in faucibus orci,12/30/2017
988,1073,lparffreyrf@sohu.com,integer ac leo pellentesque ultrices mattis odio,7/24/2018
989,1004,mfinklerg@netlog.com,at dolor quis odio,3/3/2018
990,1049,skidsleyrh@fda.gov,in hac habitasse platea dictumst etiam faucibus,8/5/2018
991,1090,jmorrottri@discuz.net,nonummy maecenas,5/24/2018
992,1081,igilluleyrj@google.fr,amet cursus id turpis integer,6/27/2018
993,1080,aguitonneaurk@apache.org,maecenas leo odio condimentum id luctus nec molestie,11/29/2017
994,1014,strathanrl@toplist.cz,quis turpis sed ante vivamus,12/18/2017
995,1012,lgeikierm@google.cn,morbi non lectus aliquam sit,12/10/2017
996,1085,ajoistrn@toplist.cz,erat id mauris vulputate,5/12/2018
997,1019,jheaffeyro@mlb.com,at turpis donec posuere metus vitae ipsum,3/16/2018
998,1087,awhatsonrp@wikia.com,laoreet ut rhoncus,5/15/2018
999,1071,rnewdickrq@huffingtonpost.com,neque libero convallis eget,5/8/2018
1000,1019,ehartnuprr@scientificamerican.com,dui nec nisi volutpat eleifend donec ut dolor morbi vel,12/29/2017
