user_email,display_name,password,profile_picture
ikirwan0@aol.com,mtreves0,jyb1YRYBN,http://dummyimage.com/207x145.jpg/dddddd/000000
lpaula1@dot.gov,bpattemore1,m5mbzArzSz,http://dummyimage.com/235x225.jpg/cc0000/ffffff
tfebvre2@linkedin.com,jwildbore2,aoUO7Lio,http://dummyimage.com/209x117.png/5fa2dd/ffffff
cvaszoly3@uol.com.br,bonele3,t9A4AuOyiOh,http://dummyimage.com/196x213.bmp/cc0000/ffffff
lszymczyk4@mayoclinic.com,ggair4,mYNg1LSKh,http://dummyimage.com/249x108.png/5fa2dd/ffffff
aengland5@hao123.com,dmoppett5,RAfcGn2qPXK,http://dummyimage.com/239x191.bmp/5fa2dd/ffffff
gleghorn6@goo.gl,mmattersley6,UFNxlSn,http://dummyimage.com/136x222.png/ff4444/ffffff
hfranklen7@gizmodo.com,aetter7,DGfWWmdTeeX,http://dummyimage.com/149x227.png/cc0000/ffffff
ahaydney8@illinois.edu,kevery8,o48EpIyNQ8,http://dummyimage.com/126x193.bmp/ff4444/ffffff
dtomsu9@weibo.com,kwhitticks9,iCyT86QN,http://dummyimage.com/128x173.jpg/dddddd/000000
sangrick2h@utexas.edu,mbarnesa,4P9e7rQMJDwa,http://dummyimage.com/149x128.jpg/ff4444/ffffff
npiattib@google.es,szealanderb,zojMR2,http://dummyimage.com/166x156.bmp/dddddd/000000
jgrattonc@gov.uk,fscranedgec,2ma9soDIs9,http://dummyimage.com/133x130.bmp/dddddd/000000
hwoolfootd@devhub.com,ayannd,gX6onmC4ZofL,http://dummyimage.com/244x229.bmp/cc0000/ffffff
lbarrime@oakley.com,plimone,O4Snh1XmWZ,http://dummyimage.com/218x210.bmp/5fa2dd/ffffff
bjanzenf@purevolume.com,bmacshanef,NY5ilE,http://dummyimage.com/151x165.png/5fa2dd/ffffff
mkeelinge2m@tripadvisor.com,tgapperg,y6lVhUfFIRy,http://dummyimage.com/148x111.jpg/5fa2dd/ffffff
crameauxh@kickstarter.com,gshapcotth,NnHiZXtn6v7F,http://dummyimage.com/239x122.bmp/ff4444/ffffff
vviccarsi@dyndns.org,dmayleri,RLVZ1IXR,http://dummyimage.com/101x214.jpg/cc0000/ffffff
pprujeanj@ft.com,awaisonj,Z29Qvg,http://dummyimage.com/134x105.jpg/dddddd/000000
ldoornbosk@dell.com,chasneyk,BguZSF2Kd2,http://dummyimage.com/247x145.jpg/dddddd/000000
mshemmin2v@hhs.gov,prizzillol,IYaNgyC5f,http://dummyimage.com/164x165.png/5fa2dd/ffffff
mpedrazzim@ebay.com,msteventonm,CgvNFUME,http://dummyimage.com/235x233.jpg/ff4444/ffffff
sgiannottin@latimes.com,eguilletonn,H3f82IOI,http://dummyimage.com/168x199.jpg/ff4444/ffffff
mnoello@drupal.org,kgwilliamso,NogT2xKRSlj9,http://dummyimage.com/146x101.jpg/ff4444/ffffff
shuddart3h@aol.com,mbarthrupp,bG9cQhmT,http://dummyimage.com/231x242.png/5fa2dd/ffffff
dliddellq@yellowbook.com,cnissleq,cRlQXqWpbH7O,http://dummyimage.com/104x134.jpg/dddddd/000000
rraysr@psu.edu,rhuscroftr,0BioVfhWSp,http://dummyimage.com/183x182.png/dddddd/000000
rfransinellis@sourceforge.net,rtonbyes,I99lJEzVC2S,http://dummyimage.com/148x243.bmp/5fa2dd/ffffff
apetrulis3q@home.pl,wploughwrightt,L1n95vk2X1w,http://dummyimage.com/141x229.png/5fa2dd/ffffff
ccurranu@msn.com,dberrimanu,ry1CNU,http://dummyimage.com/145x130.jpg/cc0000/ffffff
bgillyattv@arstechnica.com,gdefauv,sbQEj9KqLT,http://dummyimage.com/229x197.png/ff4444/ffffff
cmacaskiew@stumbleupon.com,saffronw,iswKHJQe,http://dummyimage.com/103x112.bmp/ff4444/ffffff
kamossx@tripadvisor.com,pjanauschekx,lpIvnC2St,http://dummyimage.com/197x247.png/ff4444/ffffff
jbentjens5n@sourceforge.net,cbernardelliy,8Hb3o57x,http://dummyimage.com/126x189.bmp/ff4444/ffffff
hchaddz@tumblr.com,nverteyz,AKkl2niEa9a,http://dummyimage.com/103x223.jpg/5fa2dd/ffffff
fgolden10@ezinearticles.com,ckiffe10,6HzKOk,http://dummyimage.com/130x151.png/cc0000/ffffff
csievewright11@hc360.com,mabercrombie11,FEaw3E1ahAP,http://dummyimage.com/147x224.jpg/5fa2dd/ffffff
dzuenelli12@paypal.com,ahankins12,57ixR2KLi,http://dummyimage.com/216x179.bmp/ff4444/ffffff
cstark13@google.pl,iverissimo13,qcwY3DLWpTRH,http://dummyimage.com/214x111.jpg/cc0000/ffffff
dhartshorn14@ed.gov,mdurden14,W6KZvYhD,http://dummyimage.com/148x188.bmp/cc0000/ffffff
kthonason15@sitemeter.com,rshakspeare15,8JcdUITh6US,http://dummyimage.com/221x232.jpg/dddddd/000000
oclemmen16@wikipedia.org,gcounihan16,siHs5v,http://dummyimage.com/225x178.jpg/dddddd/000000
cstitcher17@jugem.jp,jboatright17,9bapKel,http://dummyimage.com/209x146.bmp/ff4444/ffffff
jkubat18@ibm.com,areaper18,6E9dBbB,http://dummyimage.com/181x171.bmp/5fa2dd/ffffff
rbarbisch19@irs.gov,tmacnally19,JRw5KL2vwyMw,http://dummyimage.com/109x225.bmp/cc0000/ffffff
dpatmore1a@wikispaces.com,bmoiser1a,acjIdS,http://dummyimage.com/230x171.jpg/cc0000/ffffff
gfabler1b@fema.gov,slovell1b,iXWiBGMWlA2,http://dummyimage.com/178x126.jpg/cc0000/ffffff
cfeldbau1c@nymag.com,mtrevon1c,NnLj0iT,http://dummyimage.com/231x207.png/cc0000/ffffff
vneagle1d@apache.org,gbrambill1d,KPFDiqhtE,http://dummyimage.com/101x148.jpg/dddddd/000000
xsonschein1e@clickbank.net,bnorree1e,HppIOnnTM2pB,http://dummyimage.com/169x103.jpg/cc0000/ffffff
traynard1f@eventbrite.com,vgreener1f,XrxJMZWGSp0C,http://dummyimage.com/208x216.bmp/cc0000/ffffff
dethridge1g@dot.gov,alapsley1g,r4PMyt8KXiLl,http://dummyimage.com/194x207.png/5fa2dd/ffffff
tguiu1h@1und1.de,dkingzet1h,kzAiWf7ov0,http://dummyimage.com/232x209.jpg/dddddd/000000
pbloor1i@fotki.com,feller1i,cZc0Bnge,http://dummyimage.com/199x172.jpg/5fa2dd/ffffff
mmully1j@economist.com,smidgely1j,zkpXGq3YbO,http://dummyimage.com/242x184.jpg/5fa2dd/ffffff
tlarmour1k@wordpress.org,elatour1k,SbmKUBcl9wl,http://dummyimage.com/234x243.bmp/ff4444/ffffff
dcollishaw1l@hubpages.com,ahallgarth1l,K5bnTc4tqF,http://dummyimage.com/236x150.jpg/dddddd/000000
jtease1m@tumblr.com,cmurney1m,jSXPMbeDKVhI,http://dummyimage.com/195x122.bmp/ff4444/ffffff
horourke1n@hubpages.com,pelia1n,aJ2wjUN8eL1,http://dummyimage.com/145x238.png/dddddd/000000
mblose1o@edublogs.org,cbreckon1o,ISTOvN,http://dummyimage.com/210x141.bmp/cc0000/ffffff
qdexter1p@wordpress.com,pfossitt1p,RktjGCLO0a,http://dummyimage.com/106x188.bmp/dddddd/000000
pdocker1q@state.gov,pinsley1q,SdbGNpuHu,http://dummyimage.com/120x109.jpg/cc0000/ffffff
csorrie1r@rambler.ru,rpinchon1r,Sz0fLu4WzuF,http://dummyimage.com/158x245.png/5fa2dd/ffffff
rensor1s@theguardian.com,cbulbrook1s,X93Zu12E8n5,http://dummyimage.com/228x125.bmp/dddddd/000000
emeadley1t@imageshack.us,wmaudling1t,Omvqe3KJC5Y,http://dummyimage.com/242x223.jpg/ff4444/ffffff
ngreenier1u@yandex.ru,aianiello1u,yBHPSp4IFKeP,http://dummyimage.com/168x240.jpg/ff4444/ffffff
brobardey1v@harvard.edu,tfaltin1v,bNjmQ4kC,http://dummyimage.com/203x157.png/ff4444/ffffff
alipsett1w@nifty.com,yvezey1w,sqqgXQKJ,http://dummyimage.com/102x129.png/dddddd/000000
lchitson1x@nbcnews.com,tboyfield1x,OhnVshv0AH,http://dummyimage.com/204x157.bmp/5fa2dd/ffffff
mbeyn1y@ask.com,sbarhems1y,459Pzm1Sw,http://dummyimage.com/227x209.png/cc0000/ffffff
osalery1z@time.com,kmullin1z,Cs8FkMMTid,http://dummyimage.com/128x195.bmp/dddddd/000000
bedgeson20@ask.com,rloisi20,mADJVAM,http://dummyimage.com/215x221.bmp/ff4444/ffffff
emacro21@newsvine.com,fjowsey21,KE1ohGi2Pi,http://dummyimage.com/214x204.bmp/5fa2dd/ffffff
wbollard22@china.com.cn,fbednell22,fE2GvqP5UdQ,http://dummyimage.com/208x148.bmp/dddddd/000000
fblackie23@printfriendly.com,drosnau23,TNX08t,http://dummyimage.com/156x102.png/ff4444/ffffff
ayosifov24@mit.edu,pbertolaccini24,qQPjqFqvp6w,http://dummyimage.com/177x139.jpg/dddddd/000000
nobington25@forbes.com,slighten25,s8M5quQ,http://dummyimage.com/150x125.png/cc0000/ffffff
ptanner26@microsoft.com,vmosedill26,t72rNBI0,http://dummyimage.com/173x199.bmp/dddddd/000000
tharbar27@wikimedia.org,bfryer27,aCbeIAfSPtiC,http://dummyimage.com/147x207.jpg/ff4444/ffffff
dpreist28@canalblog.com,ucrockatt28,19e6TioXGqwG,http://dummyimage.com/225x181.png/5fa2dd/ffffff
ndarko29@bloglines.com,escardifield29,K4PfSj9jTQf,http://dummyimage.com/221x147.png/cc0000/ffffff
enellis2a@alexa.com,gbagott2a,2lqrqU0W,http://dummyimage.com/216x210.bmp/cc0000/ffffff
imannooch2b@altervista.org,dchecklin2b,p0uXPDDNpd7,http://dummyimage.com/156x199.png/ff4444/ffffff
fbroscombe2c@1688.com,uginglell2c,BWnGG0MKN,http://dummyimage.com/224x119.bmp/ff4444/ffffff
dleithharvey2d@t-online.de,kmarkson2d,KOAp7pZ,http://dummyimage.com/103x170.bmp/cc0000/ffffff
mronayne2e@devhub.com,bhumburton2e,UcgPc3R,http://dummyimage.com/221x187.png/dddddd/000000
cfrankcomb2f@wsj.com,mperin2f,YTMHqAkd3,http://dummyimage.com/208x244.bmp/dddddd/000000
jfriedlos2g@instagram.com,tfellgett2g,QGjfUtpog3pX,http://dummyimage.com/180x209.png/5fa2dd/ffffff
jhargreaves2h@twitter.com,dlouedey2h,tSu4A5urYO,http://dummyimage.com/245x112.jpg/5fa2dd/ffffff
tgaiger2i@guardian.co.uk,ilehrian2i,SItGUj,http://dummyimage.com/133x108.jpg/ff4444/ffffff
wmacgillespie2j@bloomberg.com,caishford2j,noDdKs,http://dummyimage.com/108x150.jpg/ff4444/ffffff
acawsey2k@elpais.com,wpacheco2k,RMtWUm,http://dummyimage.com/152x138.bmp/ff4444/ffffff
mpeirson2l@ebay.co.uk,rdaniell2l,XcGwnl4KXoS,http://dummyimage.com/153x246.bmp/dddddd/000000
ocumber2m@ebay.com,cmeugens2m,SDOdjjnUa,http://dummyimage.com/231x208.bmp/ff4444/ffffff
bdockray2n@jugem.jp,swoollett2n,W5cf55spGegy,http://dummyimage.com/138x127.bmp/5fa2dd/ffffff
ctrayte2o@de.vu,yfromant2o,In1jAfe,http://dummyimage.com/222x121.jpg/dddddd/000000
hyendall2p@webmd.com,bfairburne2p,OOiLSl28,http://dummyimage.com/208x145.bmp/5fa2dd/ffffff
dcrammy2q@w3.org,eholcroft2q,vrXvMBYu,http://dummyimage.com/134x119.jpg/dddddd/000000
ajerger2r@fastcompany.com,cknappe2r,gEb846eC,http://dummyimage.com/108x143.bmp/cc0000/ffffff
atregidgo2s@redcross.org,anolli2s,M0hmq8Qve,http://dummyimage.com/134x142.jpg/cc0000/ffffff
lkeighley2t@devhub.com,lnovik2t,2KSjthJLweO,http://dummyimage.com/134x178.png/ff4444/ffffff
rbaunton2u@theglobeandmail.com,dwarlowe2u,StBydyU0a,http://dummyimage.com/174x165.bmp/cc0000/ffffff
hgullberg2v@bandcamp.com,fcorser2v,Ngt3tDfAzd,http://dummyimage.com/215x132.jpg/dddddd/000000
gmingey2w@noaa.gov,kfenix2w,im4O7Xe4,http://dummyimage.com/221x144.png/ff4444/ffffff
cvickery2x@last.fm,osodeau2x,FXVxxqEH,http://dummyimage.com/195x225.jpg/cc0000/ffffff
gtelfer2y@ftc.gov,amillins2y,ddi4sHPuhnZd,http://dummyimage.com/113x150.jpg/ff4444/ffffff
mpenwright2z@shop-pro.jp,lhurrion2z,0aJBtZuGXlGP,http://dummyimage.com/205x113.bmp/5fa2dd/ffffff
ocoady30@spotify.com,tdrysdell30,ndmQRv8Swl,http://dummyimage.com/119x115.bmp/dddddd/000000
caddie31@google.ru,fbeuscher31,ZoZXWjq0,http://dummyimage.com/223x177.jpg/ff4444/ffffff
cmawford32@auda.org.au,bgrimmert32,NubpGgSZW,http://dummyimage.com/203x203.jpg/dddddd/000000
cstanistrete33@yandex.ru,cgodwyn33,HYGeBaLBWZ,http://dummyimage.com/144x158.png/5fa2dd/ffffff
wcatanheira34@simplemachines.org,tturrell34,mj6mCoZP,http://dummyimage.com/244x215.png/5fa2dd/ffffff
scarlett35@rakuten.co.jp,yredwood35,rYCjnb,http://dummyimage.com/111x140.bmp/cc0000/ffffff
ckolodziej36@linkedin.com,dtrott36,bPHYQjxoAX,http://dummyimage.com/113x211.png/5fa2dd/ffffff
jhatrick37@1und1.de,acicetti37,WoT2h00QK,http://dummyimage.com/231x236.png/5fa2dd/ffffff
ehambatch38@ycombinator.com,wfroschauer38,Q4tC7U,http://dummyimage.com/230x244.jpg/dddddd/000000
cskyrm39@ow.ly,lblyden39,qOTZwHHl3ERn,http://dummyimage.com/214x182.jpg/5fa2dd/ffffff
lcrawshay3a@ted.com,ccarlucci3a,q7cNgN,http://dummyimage.com/165x191.png/cc0000/ffffff
eakaster3b@princeton.edu,istratford3b,2ZsHDq,http://dummyimage.com/183x230.bmp/5fa2dd/ffffff
csivills3c@unc.edu,jlante3c,gGNGfiO,http://dummyimage.com/120x246.jpg/cc0000/ffffff
llyokhin3d@state.gov,ahallowes3d,wK0KOjrlQ,http://dummyimage.com/249x230.bmp/dddddd/000000
amccafferky3e@twitpic.com,mhaselwood3e,qAsUkCD,http://dummyimage.com/158x199.bmp/cc0000/ffffff
fboshier3f@webmd.com,kgammage3f,RkwQjooYuFC,http://dummyimage.com/156x105.png/5fa2dd/ffffff
bgreeves3g@jimdo.com,fdonaho3g,9nlXmtv,http://dummyimage.com/113x105.bmp/dddddd/000000
ogoaley3h@themeforest.net,rjonk3h,uGF9NPKH,http://dummyimage.com/216x223.jpg/cc0000/ffffff
cfrissell3i@bravesites.com,hpala3i,I1riAl,http://dummyimage.com/156x228.bmp/ff4444/ffffff
bnemchinov3j@xinhuanet.com,awainscoat3j,iLtsfoGnf,http://dummyimage.com/103x226.jpg/ff4444/ffffff
bduck3k@t.co,walexandersen3k,JAkfQ04,http://dummyimage.com/125x196.png/cc0000/ffffff
acannaway3l@gov.uk,sdaft3l,JdJfVpiF,http://dummyimage.com/195x116.png/dddddd/000000
bwashington3m@geocities.jp,cblaze3m,PrGwDv,http://dummyimage.com/123x150.png/ff4444/ffffff
caltree3n@engadget.com,nbeake3n,drBvtVVy,http://dummyimage.com/134x198.bmp/dddddd/000000
lpeverell3o@usda.gov,vferrari3o,xHLa0wCQT,http://dummyimage.com/183x236.jpg/cc0000/ffffff
glidierth3p@theglobeandmail.com,bkirsop3p,dnbdgBuX,http://dummyimage.com/222x189.jpg/cc0000/ffffff
chilldrup3q@elegantthemes.com,rstringfellow3q,wPREPZwzf,http://dummyimage.com/214x194.png/ff4444/ffffff
rmuzzlewhite3r@w3.org,colooney3r,jtsYHioZO8i,http://dummyimage.com/109x226.bmp/cc0000/ffffff
aliebrecht3s@cbslocal.com,fmariotte3s,sLcUBzTFVzGe,http://dummyimage.com/210x235.bmp/cc0000/ffffff
hanscott3t@cocolog-nifty.com,swyley3t,5VRZtA9k3pc,http://dummyimage.com/150x174.bmp/5fa2dd/ffffff
gbennoe3u@about.me,wslainey3u,97nahsB,http://dummyimage.com/153x156.bmp/dddddd/000000
dphetteplace3v@merriam-webster.com,kgerge3v,dVW2mP,http://dummyimage.com/114x151.jpg/dddddd/000000
bpeach3w@wikispaces.com,kmacfaell3w,gq43v21,http://dummyimage.com/191x244.bmp/ff4444/ffffff
bfidgin3x@uol.com.br,jrobertet3x,696ty5t0E,http://dummyimage.com/119x117.jpg/dddddd/000000
wsymington3y@shutterfly.com,afalvey3y,R4KtmJwjT,http://dummyimage.com/142x217.png/ff4444/ffffff
kboutcher3z@devhub.com,tduley3z,JzXZjMlGx,http://dummyimage.com/126x166.jpg/ff4444/ffffff
lhumphery40@fotki.com,wdwerryhouse40,tT9d8ILwP,http://dummyimage.com/138x106.jpg/dddddd/000000
cwyllis41@dedecms.com,jllorente41,CGWSaXS1jf,http://dummyimage.com/163x204.bmp/5fa2dd/ffffff
cferretti42@blogger.com,pspencers42,DKVU5qerX3G,http://dummyimage.com/142x247.jpg/dddddd/000000
ltydeman43@ebay.co.uk,bputt43,yh3wmdom,http://dummyimage.com/112x150.jpg/5fa2dd/ffffff
gsimyson44@hhs.gov,kdurtnall44,sLLqSSs,http://dummyimage.com/242x153.bmp/cc0000/ffffff
ikyndred45@baidu.com,sclemanceau45,RuOScES,http://dummyimage.com/176x206.bmp/cc0000/ffffff
gmarconi46@army.mil,pgrabbam46,h1ihItW,http://dummyimage.com/223x107.jpg/5fa2dd/ffffff
lstebles47@1688.com,gofielly47,Ospe0i,http://dummyimage.com/243x181.png/5fa2dd/ffffff
ijacobovitch48@cnbc.com,asimester48,1ulARbfg4HE,http://dummyimage.com/152x144.jpg/dddddd/000000
sgimblett49@livejournal.com,kculy49,CB6cvo,http://dummyimage.com/210x108.bmp/cc0000/ffffff
wglass4a@bloglovin.com,fswanwick4a,1J9lA2dI,http://dummyimage.com/212x221.jpg/5fa2dd/ffffff
wgowdy4b@upenn.edu,slatus4b,24Twe6RpiyjB,http://dummyimage.com/249x185.bmp/dddddd/000000
sfonquernie4c@ed.gov,vhefferan4c,2bHZEGUmZ,http://dummyimage.com/158x189.bmp/dddddd/000000
cpeasegood4d@wired.com,kgrahl4d,I3Z2vvbEjbz,http://dummyimage.com/125x138.jpg/dddddd/000000
cpeche4e@pcworld.com,kkettel4e,PxolKk,http://dummyimage.com/149x178.bmp/ff4444/ffffff
kpfaffe4f@theatlantic.com,jthynne4f,goFylpByv1,http://dummyimage.com/231x158.jpg/cc0000/ffffff
djorczyk4g@1und1.de,tpaulich4g,IMTbXN8woHVc,http://dummyimage.com/127x186.png/dddddd/000000
ctolwood4h@meetup.com,ashorie4h,aifiuN,http://dummyimage.com/220x109.bmp/dddddd/000000
mnequest4i@sciencedaily.com,ahuson4i,v1nsm5A,http://dummyimage.com/211x116.png/5fa2dd/ffffff
lpigot4j@goodreads.com,rrodolico4j,Qx1WmMlUx8z,http://dummyimage.com/177x234.png/cc0000/ffffff
cpuddle4k@google.com.au,ttoolan4k,BFop4UiP,http://dummyimage.com/214x221.jpg/ff4444/ffffff
cbruniges4l@lycos.com,hunwins4l,zYwM4RM,http://dummyimage.com/226x224.bmp/cc0000/ffffff
rethelstone4m@list-manage.com,ktytterton4m,RsDX2382jIL,http://dummyimage.com/100x244.jpg/dddddd/000000
kbatterbee4n@washington.edu,gwomersley4n,vhinYWF4,http://dummyimage.com/208x231.bmp/dddddd/000000
gdugue4o@nature.com,xcovelle4o,LNDl1D,http://dummyimage.com/186x154.jpg/cc0000/ffffff
mkleinerman4p@apache.org,sellse4p,h7Lx24Ih,http://dummyimage.com/129x235.png/5fa2dd/ffffff
pperegrine4q@oracle.com,wgiriardelli4q,uNx1D9RXFKhB,http://dummyimage.com/121x248.bmp/cc0000/ffffff
mfidock4r@springer.com,skemston4r,ANR1GYgb,http://dummyimage.com/247x137.bmp/5fa2dd/ffffff
bkasper4s@indiatimes.com,gebbs4s,3x5zJqpSoU,http://dummyimage.com/228x212.jpg/5fa2dd/ffffff
alambourn4t@stumbleupon.com,wtruckett4t,Rs7ZJ72gZhc,http://dummyimage.com/211x236.bmp/cc0000/ffffff
lmcgraw4u@thetimes.co.uk,munworth4u,gLuyw0Y,http://dummyimage.com/200x203.jpg/5fa2dd/ffffff
ikennally4v@cafepress.com,cbeastall4v,phD506R,http://dummyimage.com/156x213.jpg/dddddd/000000
nchrystal4w@indiatimes.com,dbritland4w,e3mqB3f,http://dummyimage.com/152x150.bmp/dddddd/000000
cfletcher4x@illinois.edu,amaynell4x,k4ubBOAA2HcM,http://dummyimage.com/176x247.jpg/ff4444/ffffff
mpascow4y@unblog.fr,gtubridy4y,cInvpKA,http://dummyimage.com/120x215.png/ff4444/ffffff
swollers4z@walmart.com,lenstone4z,WF0t9iOCRj,http://dummyimage.com/244x191.jpg/dddddd/000000
mmccreedy50@bing.com,vgrishukhin50,HjxvPK,http://dummyimage.com/234x202.bmp/ff4444/ffffff
cbalmadier51@nationalgeographic.com,fkleen51,fIMzi848MjPj,http://dummyimage.com/181x128.bmp/ff4444/ffffff
mmaccawley52@hatena.ne.jp,smarkwelley52,umpcTcZGx,http://dummyimage.com/112x168.png/cc0000/ffffff
rbracci53@tamu.edu,mforder53,mOTaAd9cjFG,http://dummyimage.com/156x169.bmp/ff4444/ffffff
ablandamore54@loc.gov,dmillen54,ZnR04t8WNBkt,http://dummyimage.com/205x110.bmp/ff4444/ffffff
wwong55@indiegogo.com,cbirtwistle55,DedioWc,http://dummyimage.com/162x110.png/dddddd/000000
tdeortega56@netlog.com,dmcasparan56,zwZE0H,http://dummyimage.com/200x202.png/ff4444/ffffff
eadhams57@soup.io,mmaciejak57,d4XQRzk8Z14r,http://dummyimage.com/157x125.png/5fa2dd/ffffff
jpendleberry58@dyndns.org,cfaithfull58,iH4zQuJ1,http://dummyimage.com/217x243.bmp/5fa2dd/ffffff
nhaddick59@mozilla.org,wscaysbrook59,mGnzibmdbLXV,http://dummyimage.com/100x146.jpg/cc0000/ffffff
ceastby5a@dmoz.org,fbrobeck5a,UJVHXkn3F6A,http://dummyimage.com/142x242.png/ff4444/ffffff
aram5b@wix.com,nhuggill5b,3V1yDT0xbjG8,http://dummyimage.com/203x164.bmp/ff4444/ffffff
nstoker5c@discovery.com,reveritt5c,qmljvm4VRCm,http://dummyimage.com/207x137.png/ff4444/ffffff
tkittle5d@wikispaces.com,rhenryson5d,4tPnGo,http://dummyimage.com/167x173.bmp/ff4444/ffffff
bdearnaley5e@google.co.uk,srussan5e,JAUWeU2CCf3,http://dummyimage.com/237x237.png/ff4444/ffffff
lgilardoni5f@barnesandnoble.com,ctillyer5f,McjV6gqv4LvK,http://dummyimage.com/176x218.jpg/ff4444/ffffff
cclilverd5g@tumblr.com,iocrigan5g,GV71H43kbv,http://dummyimage.com/196x182.png/dddddd/000000
droantree5h@purevolume.com,garonow5h,y5tV4E,http://dummyimage.com/115x166.png/cc0000/ffffff
kaime5i@timesonline.co.uk,alaville5i,mNXsZhbd,http://dummyimage.com/210x105.bmp/ff4444/ffffff
btrippick5j@imageshack.us,tesgate5j,buuK3E,http://dummyimage.com/179x223.png/5fa2dd/ffffff
bbenneton5k@google.co.jp,dlacoste5k,2sQtIHb9ae,http://dummyimage.com/186x232.png/cc0000/ffffff
esiely5l@chronoengine.com,bmandell5l,jHQjltYCrR4c,http://dummyimage.com/193x175.png/5fa2dd/ffffff
yfleote5m@feedburner.com,hgarwell5m,u6gY6jUpk,http://dummyimage.com/120x158.jpg/cc0000/ffffff
idarwood5n@techcrunch.com,rtucknutt5n,77sPuJk0B,http://dummyimage.com/128x230.bmp/5fa2dd/ffffff
ltanton5o@salon.com,bdorward5o,qkAdSBl,http://dummyimage.com/222x167.jpg/cc0000/ffffff
osegar5p@networksolutions.com,beccleston5p,wvX6vMYj,http://dummyimage.com/203x185.bmp/dddddd/000000
klilleyman5q@amazon.de,mkedward5q,9V4GEFWS,http://dummyimage.com/149x235.png/dddddd/000000
wpiborn5r@angelfire.com,agrix5r,RPmb8K,http://dummyimage.com/176x180.png/dddddd/000000
cbeartup5s@posterous.com,bhumburton5s,K8QOAj7F,http://dummyimage.com/158x165.jpg/cc0000/ffffff
rcaldicot5t@amazon.de,calcido5t,kNON8fmFa,http://dummyimage.com/115x166.jpg/dddddd/000000
ssambiedge5u@mediafire.com,nklaas5u,MqaSRuumb,http://dummyimage.com/113x141.jpg/ff4444/ffffff
wfrude5v@huffingtonpost.com,frountree5v,MHmEsXEOLBw,http://dummyimage.com/142x114.jpg/cc0000/ffffff
phamm5w@lycos.com,gshopcott5w,2cJy3jN4gARS,http://dummyimage.com/136x132.jpg/cc0000/ffffff
fcottie5x@wikia.com,ncleever5x,Puy5tTwbC2,http://dummyimage.com/149x132.png/dddddd/000000
browell5y@trellian.com,gfernando5y,XmeBDUUY,http://dummyimage.com/204x201.jpg/dddddd/000000
mfishburn5z@lulu.com,cguerrieri5z,umjXbWuG6m,http://dummyimage.com/190x151.bmp/5fa2dd/ffffff
sgatenby60@wikipedia.org,hlorenzin60,hc65Wezrc,http://dummyimage.com/220x127.bmp/ff4444/ffffff
bjeffcoate61@fda.gov,kbessell61,C9ECpDT4H,http://dummyimage.com/160x151.bmp/dddddd/000000
mmackeogh62@mapquest.com,fgudgeon62,YpQXsZ6Q5Fl,http://dummyimage.com/142x203.png/5fa2dd/ffffff
gclausewitz63@discovery.com,csenyard63,sLb23Wkk0,http://dummyimage.com/123x136.bmp/dddddd/000000
sditchburn64@google.com.au,pleehane64,t3RBbGK,http://dummyimage.com/232x203.png/ff4444/ffffff
slawther65@hexun.com,tdyhouse65,KrP1Rc3Safl,http://dummyimage.com/238x182.bmp/ff4444/ffffff
tpawelke66@soundcloud.com,wgoldin66,9eeMrwlGUHih,http://dummyimage.com/110x239.bmp/ff4444/ffffff
etwinn67@who.int,hmather67,YbmP6fp0m7,http://dummyimage.com/102x130.png/cc0000/ffffff
apottinger68@blogtalkradio.com,rscandrick68,r6lAuzYd,http://dummyimage.com/250x116.png/ff4444/ffffff
atustin69@diigo.com,swholesworth69,1i3rlj6,http://dummyimage.com/162x112.bmp/5fa2dd/ffffff
ppudner6a@g.co,tsetchfield6a,yAGP2WX6El,http://dummyimage.com/175x218.jpg/dddddd/000000
aanfossi6b@craigslist.org,bboswell6b,deOEza,http://dummyimage.com/137x221.bmp/cc0000/ffffff
dwride6c@chicagotribune.com,ssherbrook6c,Z9CHuYJ,http://dummyimage.com/227x169.bmp/dddddd/000000
ogianilli6d@mlb.com,hhankinson6d,VYv48v,http://dummyimage.com/124x128.png/dddddd/000000
khinken6e@huffingtonpost.com,kstribbling6e,bDcRhc,http://dummyimage.com/246x111.png/cc0000/ffffff
rproven6f@hexun.com,nrawstron6f,JMWUFX,http://dummyimage.com/118x120.jpg/5fa2dd/ffffff
edelayglesias6g@meetup.com,jhalversen6g,pUIv00K3,http://dummyimage.com/182x164.jpg/cc0000/ffffff
oewells6h@nps.gov,bbreawood6h,BQ3Lva,http://dummyimage.com/183x172.bmp/ff4444/ffffff
csivior6i@stanford.edu,bgeistbeck6i,kM22EP,http://dummyimage.com/228x135.jpg/cc0000/ffffff
fkillock6j@businessweek.com,bcyseley6j,5NLbLu,http://dummyimage.com/198x158.jpg/cc0000/ffffff
mroutledge6k@ted.com,kfildes6k,7vDb1F0IULW4,http://dummyimage.com/122x243.png/5fa2dd/ffffff
rfawcett6l@photobucket.com,rheinz6l,FrPHQ8suYx,http://dummyimage.com/130x209.png/cc0000/ffffff
wswash6m@dedecms.com,cbrugman6m,6DfjhIhXfny,http://dummyimage.com/227x224.bmp/ff4444/ffffff
bgenery6n@businesswire.com,inorledge6n,1VrxNSoeIVO,http://dummyimage.com/222x152.bmp/cc0000/ffffff
gpacheco6o@technorati.com,eivchenko6o,QIS4Rht,http://dummyimage.com/236x228.png/ff4444/ffffff
dbrogi6p@theatlantic.com,ogauden6p,l4PDheO8z,http://dummyimage.com/101x205.bmp/5fa2dd/ffffff
aspurdens6q@cisco.com,rlamberts6q,BVNLFfPljP,http://dummyimage.com/173x127.png/cc0000/ffffff
rlapree6r@xrea.com,baronovich6r,ByqzulOH,http://dummyimage.com/155x118.png/ff4444/ffffff
gwadesworth6s@tamu.edu,atredget6s,jpOOEtkkT8hQ,http://dummyimage.com/168x140.jpg/ff4444/ffffff
ltowey6t@globo.com,cdurtnell6t,AX0YYlO,http://dummyimage.com/151x170.png/cc0000/ffffff
jhellier6u@1und1.de,bbeeck6u,otOd5RgTqpEI,http://dummyimage.com/190x112.bmp/5fa2dd/ffffff
csnalum6v@wikimedia.org,benderby6v,D9GwN5lMxwy,http://dummyimage.com/206x137.png/dddddd/000000
mmutlow6w@cpanel.net,bgingedale6w,CSmt4D,http://dummyimage.com/125x206.jpg/cc0000/ffffff
amanginot6x@cdbaby.com,gtumilson6x,y04VDHkYG,http://dummyimage.com/209x141.png/dddddd/000000
scobbledick6y@homestead.com,kcruden6y,APEIYbu1,http://dummyimage.com/170x232.jpg/ff4444/ffffff
agavozzi6z@cloudflare.com,dlimming6z,KaXjzfg9wSZ,http://dummyimage.com/103x143.bmp/5fa2dd/ffffff
fbennike70@who.int,oaneley70,2mrHu064qbw,http://dummyimage.com/176x157.bmp/5fa2dd/ffffff
vcornillot71@reuters.com,kcrosfield71,wmLdLc,http://dummyimage.com/187x177.bmp/cc0000/ffffff
kpeople72@toplist.cz,dromain72,bUk8ORRHl,http://dummyimage.com/201x169.png/cc0000/ffffff
vjodlkowski73@pinterest.com,aghio73,tE2wc5,http://dummyimage.com/206x187.png/5fa2dd/ffffff
cmailey74@skype.com,mcounihan74,ctJ6ls,http://dummyimage.com/250x232.bmp/5fa2dd/ffffff
nkarpinski75@apple.com,larnaudon75,METWwP,http://dummyimage.com/191x182.png/cc0000/ffffff
amccallister76@marriott.com,bhenzer76,fJYt2p40kDPa,http://dummyimage.com/249x242.bmp/dddddd/000000
enelhams77@amazon.co.jp,jbarehead77,K2VNyXLQA,http://dummyimage.com/232x128.jpg/5fa2dd/ffffff
aarchdeacon78@altervista.org,ekalaher78,jFWYO1,http://dummyimage.com/240x236.jpg/dddddd/000000
skoles79@howstuffworks.com,jgrono79,vhfvCjIq,http://dummyimage.com/130x224.jpg/ff4444/ffffff
itearle7a@eepurl.com,amoodey7a,GEZcmj3rs,http://dummyimage.com/230x164.bmp/cc0000/ffffff
jlavallie7b@icq.com,vstanton7b,8nsD99swh,http://dummyimage.com/204x133.png/dddddd/000000
halsina7c@usda.gov,ssimonard7c,8z6C0zwph,http://dummyimage.com/250x180.jpg/ff4444/ffffff
mlhommeau7d@forbes.com,lalonso7d,8og1kft,http://dummyimage.com/191x248.png/5fa2dd/ffffff
bskamell7e@wikia.com,mflintoft7e,cKRWm9wz3w,http://dummyimage.com/126x190.bmp/5fa2dd/ffffff
dmcdermid7f@cyberchimps.com,kslyvester7f,sPFibHbEje,http://dummyimage.com/189x139.png/5fa2dd/ffffff
dcayet7g@tamu.edu,latwood7g,chNzwC,http://dummyimage.com/236x247.png/ff4444/ffffff
rlovering7h@nationalgeographic.com,wmerricks7h,kLFzg8lq,http://dummyimage.com/121x156.jpg/5fa2dd/ffffff
dhansard7i@illinois.edu,djachimczak7i,wpOSjRbf57,http://dummyimage.com/165x112.png/dddddd/000000
csisse7j@home.pl,jgirodon7j,6mRZPQz2,http://dummyimage.com/221x220.jpg/ff4444/ffffff
lpotteridge7k@miibeian.gov.cn,jdelayglesia7k,jxHlLKj,http://dummyimage.com/197x136.png/5fa2dd/ffffff
hbroszkiewicz7l@devhub.com,bdelacote7l,0dqWejsF,http://dummyimage.com/152x145.png/cc0000/ffffff
oromain7m@deliciousdays.com,cbrackenridge7m,DKw7A8GVftj,http://dummyimage.com/170x160.jpg/ff4444/ffffff
cchaddock7n@usnews.com,ngerson7n,JZbPE99AQ8Oh,http://dummyimage.com/244x195.jpg/ff4444/ffffff
opurvis7o@sfgate.com,rhabershaw7o,HNaIslKBt,http://dummyimage.com/153x192.png/cc0000/ffffff
oegdal7p@ca.gov,dcroshaw7p,ScFOvew7Al,http://dummyimage.com/167x188.jpg/5fa2dd/ffffff
landrys7q@cpanel.net,otoppes7q,WDNeyeRZC598,http://dummyimage.com/218x181.png/dddddd/000000
aewbanke7r@phoca.cz,iackermann7r,4D74h5,http://dummyimage.com/154x244.bmp/dddddd/000000
mmotton7s@vinaora.com,gewells7s,WfMgEDpl0,http://dummyimage.com/156x188.jpg/dddddd/000000
mworswick7t@liveinternet.ru,ochstney7t,eLfSjOK7fLdS,http://dummyimage.com/159x222.jpg/5fa2dd/ffffff
aalmond7u@jiathis.com,ggyenes7u,ZfNnAV6,http://dummyimage.com/167x242.png/dddddd/000000
kpilbury7v@telegraph.co.uk,rdownham7v,aq0wWJSoI,http://dummyimage.com/170x228.png/cc0000/ffffff
bsouter7w@apache.org,opirot7w,3yu3fA4kLawY,http://dummyimage.com/194x210.jpg/ff4444/ffffff
pstubbley7x@dell.com,cfessler7x,ogmBFyRnIml,http://dummyimage.com/219x180.png/dddddd/000000
hbrayfield7y@si.edu,aginley7y,bQlX7x8,http://dummyimage.com/158x175.png/5fa2dd/ffffff
kshobrook7z@mac.com,rcrampton7z,t4KM73pOrhV7,http://dummyimage.com/139x217.png/dddddd/000000
rdanter80@aboutads.info,rbishopp80,0xF8IIJzCXAe,http://dummyimage.com/110x103.bmp/dddddd/000000
asaxton81@guardian.co.uk,mhassin81,7iIQE4Mv8kP,http://dummyimage.com/200x221.jpg/cc0000/ffffff
bwimmers82@g.co,eweatherup82,iiNEqguVHA,http://dummyimage.com/245x126.bmp/cc0000/ffffff
nharle83@walmart.com,rjoesbury83,5TycU5xjZq,http://dummyimage.com/170x188.bmp/cc0000/ffffff
clamacraft84@com.com,gmcgiveen84,30hGVKaWY,http://dummyimage.com/132x138.bmp/cc0000/ffffff
cchillcot85@storify.com,fhussy85,3ys5vmsYN,http://dummyimage.com/134x130.png/ff4444/ffffff
lfruish86@timesonline.co.uk,omalcolmson86,JLzWdWEhQ,http://dummyimage.com/250x224.bmp/5fa2dd/ffffff
mrosso87@ebay.co.uk,erourke87,FhzgbPSgANGC,http://dummyimage.com/191x116.jpg/ff4444/ffffff
bslatford88@cornell.edu,wroswarne88,88p2CUE2gEcb,http://dummyimage.com/109x132.png/ff4444/ffffff
acrutch89@ed.gov,ybeauchamp89,hxOtHJ,http://dummyimage.com/207x231.png/dddddd/000000
spayfoot8a@g.co,ahagland8a,QoQs7BE,http://dummyimage.com/247x141.jpg/ff4444/ffffff
celvins8b@vkontakte.ru,rmatura8b,wGKutvYh,http://dummyimage.com/137x209.png/dddddd/000000
spayn8c@de.vu,charriagn8c,kgMTL2kP1,http://dummyimage.com/114x210.bmp/cc0000/ffffff
tadolfson8d@comcast.net,troizn8d,yg5CQ8F,http://dummyimage.com/123x158.bmp/ff4444/ffffff
alawrenson8e@pbs.org,jcamocke8e,qPMZQ3juY6,http://dummyimage.com/225x238.jpg/dddddd/000000
bbowra8f@indiatimes.com,kbillam8f,Gy8KBNnpz,http://dummyimage.com/156x232.jpg/dddddd/000000
rspong8g@desdev.cn,jmacartney8g,A7z8fShyg,http://dummyimage.com/127x222.bmp/5fa2dd/ffffff
rsimmonett8h@java.com,eheigl8h,CUyZKYdREa,http://dummyimage.com/104x133.png/cc0000/ffffff
etrenchard8i@feedburner.com,jjaynes8i,2XmLgd5OL,http://dummyimage.com/167x134.jpg/cc0000/ffffff
cambroziak8j@cbsnews.com,alyenyng8j,R0YRlLT0W,http://dummyimage.com/171x125.png/dddddd/000000
chencke8k@360.cn,smcnirlin8k,KYHeIsVOFB,http://dummyimage.com/170x234.jpg/cc0000/ffffff
harndell8l@yahoo.com,kmcclenaghan8l,7ZKSJf,http://dummyimage.com/114x180.jpg/5fa2dd/ffffff
grosentholer8m@ed.gov,rwindaybank8m,fm3qwf3g4W,http://dummyimage.com/229x198.jpg/5fa2dd/ffffff
kflag8n@nyu.edu,kmuehler8n,dlcAOYzu2vB,http://dummyimage.com/103x155.png/ff4444/ffffff
ntakkos8o@cloudflare.com,hholsey8o,UDiH8ksDm,http://dummyimage.com/169x167.bmp/5fa2dd/ffffff
wtonbridge8p@wix.com,lcoleshill8p,u04ONEbL,http://dummyimage.com/109x221.bmp/dddddd/000000
mrowthorn8q@sbwire.com,ncockitt8q,jfP6Hz6yl5,http://dummyimage.com/197x196.jpg/cc0000/ffffff
mantoni8r@t.co,mhallum8r,xBGxaVfd,http://dummyimage.com/200x116.bmp/5fa2dd/ffffff
lbrixey8s@github.com,pharyngton8s,SSp3ry59Yn,http://dummyimage.com/115x104.png/ff4444/ffffff
sthorald8t@wired.com,jbeachem8t,0sqFlRLX,http://dummyimage.com/154x201.png/ff4444/ffffff
ahaslock8u@drupal.org,idocksey8u,kATKfPwAKN,http://dummyimage.com/220x196.png/cc0000/ffffff
pfeldhammer8v@comcast.net,bmacelroy8v,FhRSlO,http://dummyimage.com/101x124.jpg/ff4444/ffffff
jscannell8w@nsw.gov.au,tbraxton8w,Rsusi8fzg,http://dummyimage.com/189x166.jpg/ff4444/ffffff
gcrighten8x@youtu.be,tbuckler8x,1epywcf2,http://dummyimage.com/114x169.jpg/ff4444/ffffff
bpettett8y@stanford.edu,anormavill8y,YIfeea,http://dummyimage.com/235x147.bmp/5fa2dd/ffffff
pmulkerrins8z@opera.com,hyakovliv8z,9MxzcgIcMtV,http://dummyimage.com/100x217.bmp/ff4444/ffffff
bdefilippi90@nationalgeographic.com,kgriss90,BHNMlB,http://dummyimage.com/182x112.jpg/dddddd/000000
acritten91@wikispaces.com,tcrummy91,iRTn8Dm,http://dummyimage.com/132x214.png/dddddd/000000
shearne92@umich.edu,hberrey92,3VTtoi,http://dummyimage.com/107x111.jpg/cc0000/ffffff
kallaker93@google.co.uk,sgrogor93,yvTAbpB,http://dummyimage.com/154x128.jpg/5fa2dd/ffffff
jweedon94@java.com,mhardwell94,NoBBop,http://dummyimage.com/227x198.jpg/cc0000/ffffff
jcastaner95@flickr.com,nlearmond95,RxTaJlS,http://dummyimage.com/248x197.bmp/ff4444/ffffff
fmonkeman96@foxnews.com,nbodega96,VLG9Y1rY,http://dummyimage.com/174x128.jpg/ff4444/ffffff
kproffer97@bloglovin.com,kmewes97,RK40VSanZDq,http://dummyimage.com/101x224.png/5fa2dd/ffffff
ftaggerty98@myspace.com,rkuhnt98,yzKbsr,http://dummyimage.com/216x227.png/ff4444/ffffff
mvanniekerk99@admin.ch,mmcmeanma99,qbm6FdtS0Wu,http://dummyimage.com/231x191.png/ff4444/ffffff
kjaouen9a@mapquest.com,rmathiasen9a,DRFCWF85x6P,http://dummyimage.com/196x191.bmp/dddddd/000000
bledgley9b@1688.com,kfitchew9b,wMk1365P,http://dummyimage.com/113x137.png/dddddd/000000
nmccrie9c@irs.gov,dmonelli9c,aZNAo3vIA,http://dummyimage.com/144x164.bmp/cc0000/ffffff
fmontfort9d@mail.ru,cmclewd9d,UXR6qB,http://dummyimage.com/134x245.bmp/dddddd/000000
cculy9e@bloglines.com,rjiranek9e,1o8IiJfZY,http://dummyimage.com/241x161.bmp/5fa2dd/ffffff
aellgood9f@surveymonkey.com,dmorford9f,HRiNfN6,http://dummyimage.com/126x145.png/ff4444/ffffff
temeney9g@columbia.edu,bbowfin9g,OARvnY,http://dummyimage.com/172x195.bmp/ff4444/ffffff
ktapley9h@photobucket.com,jbewsey9h,nHkNyz2W02W,http://dummyimage.com/189x123.bmp/ff4444/ffffff
spulley9i@vinaora.com,wpoxon9i,2erRXjuSuCx,http://dummyimage.com/171x138.png/cc0000/ffffff
sbahls9j@sbwire.com,dmccolley9j,ZCOEvHdy2L3w,http://dummyimage.com/110x107.bmp/5fa2dd/ffffff
mhow9k@edublogs.org,slindegard9k,wmSJdhLga,http://dummyimage.com/189x216.png/5fa2dd/ffffff
jsuggate9l@behance.net,gceschi9l,VVs65lcU1,http://dummyimage.com/214x215.bmp/5fa2dd/ffffff
nmeekings9m@vinaora.com,mlanfare9m,TajYKP2Ai,http://dummyimage.com/153x124.png/dddddd/000000
rrayson9n@ftc.gov,tpeddie9n,TbVDUO,http://dummyimage.com/164x120.png/5fa2dd/ffffff
lvallentin9o@hexun.com,tbramelt9o,UQW9j0T33,http://dummyimage.com/215x222.jpg/ff4444/ffffff
fheeran9p@fda.gov,hgauntlett9p,Px1R44PpCGo,http://dummyimage.com/205x125.png/ff4444/ffffff
bhalfpenny9q@stanford.edu,esoutheran9q,MQs7Fkluf6N,http://dummyimage.com/189x159.jpg/cc0000/ffffff
osnibson9r@usgs.gov,mhogsden9r,tXIoshe,http://dummyimage.com/156x200.jpg/dddddd/000000
nwardale9s@jigsy.com,rmichell9s,bifvkHwED,http://dummyimage.com/102x119.png/cc0000/ffffff
kkordova9t@alexa.com,estuer9t,sTZ7JHwskB,http://dummyimage.com/223x138.png/5fa2dd/ffffff
agheraldi9u@oaic.gov.au,clavielle9u,MAh3IL,http://dummyimage.com/243x243.jpg/ff4444/ffffff
gtregona9v@feedburner.com,lgurrado9v,eZIVQMTNHn,http://dummyimage.com/150x168.bmp/dddddd/000000
knaseby9w@com.com,alawlan9w,g7SCw2,http://dummyimage.com/157x157.png/dddddd/000000
ccurcher9x@wikispaces.com,bwalkden9x,79milPWZnR2,http://dummyimage.com/116x207.jpg/ff4444/ffffff
mpahl9y@omniture.com,cadlem9y,yl9uYW367A,http://dummyimage.com/183x150.png/dddddd/000000
ntrevaskis9z@istockphoto.com,dkyne9z,pWXbbpGHw6mM,http://dummyimage.com/247x193.jpg/ff4444/ffffff
awiltona0@biblegateway.com,gcubina0,q6gYQKd0a9yV,http://dummyimage.com/178x114.png/5fa2dd/ffffff
cgiacomazzoa1@mapy.cz,ehunstona1,nvpopo,http://dummyimage.com/102x104.png/ff4444/ffffff
etansleya2@t-online.de,afenemorea2,Q1Hlbs,http://dummyimage.com/250x104.jpg/cc0000/ffffff
bridleya3@tinyurl.com,bmetha3,pumQam,http://dummyimage.com/248x229.jpg/cc0000/ffffff
ldixeya4@nps.gov,bshorda4,oK9EwMtJa,http://dummyimage.com/198x126.bmp/ff4444/ffffff
smixtera5@squidoo.com,bcancutta5,0q2CchB,http://dummyimage.com/237x163.png/5fa2dd/ffffff
eharmstonea6@amazon.de,oborthea6,N1fNfPnXY,http://dummyimage.com/238x218.bmp/cc0000/ffffff
rdevilliera7@geocities.jp,swallsa7,iZzQtY8MDO,http://dummyimage.com/208x182.jpg/cc0000/ffffff
jdevericksa8@zimbio.com,eryotta8,yx0qaUGqXQ,http://dummyimage.com/215x136.bmp/cc0000/ffffff
tpiggrema9@cafepress.com,smosena9,Q0SLfrmus,http://dummyimage.com/136x197.png/5fa2dd/ffffff
tnoahaa@hhs.gov,cgreneaa,jshR2PBUA,http://dummyimage.com/249x190.jpg/ff4444/ffffff
jsteersab@google.de,fdesforgesab,5AseByc,http://dummyimage.com/226x158.png/5fa2dd/ffffff
bcysterac@sfgate.com,akoschekac,yXXQ41J,http://dummyimage.com/131x215.png/5fa2dd/ffffff
gwhannelad@hao123.com,tmckeaneyad,QMj686Q,http://dummyimage.com/145x208.bmp/cc0000/ffffff
mbrinklerae@slate.com,pmacpaikeae,v45v8OgRD,http://dummyimage.com/224x140.png/cc0000/ffffff
hdooganaf@histats.com,llomasaf,cumAw4jx,http://dummyimage.com/233x180.jpg/dddddd/000000
srossonag@senate.gov,bsalandinoag,p5Octam5eRrQ,http://dummyimage.com/244x180.jpg/ff4444/ffffff
cgerritzenah@woothemes.com,hdibbleah,J40b1DxoA,http://dummyimage.com/147x111.jpg/cc0000/ffffff
abarlassai@tinypic.com,awoollinai,igowQPr,http://dummyimage.com/113x232.jpg/5fa2dd/ffffff
jflatteaj@constantcontact.com,dnoiraj,SHWzw9n,http://dummyimage.com/242x168.png/ff4444/ffffff
amannersak@instagram.com,henriquesak,0RqpZllsW5ox,http://dummyimage.com/205x231.png/cc0000/ffffff
cmateial@artisteer.com,mtethacotal,huxm15N3PH,http://dummyimage.com/216x241.jpg/ff4444/ffffff
nphelipeauam@123-reg.co.uk,awoanam,8FLTE39TSdG,http://dummyimage.com/230x129.bmp/cc0000/ffffff
eskewsan@altervista.org,tlochranan,WYhC3T,http://dummyimage.com/230x168.jpg/cc0000/ffffff
jhubbucksao@hao123.com,alanteao,COR8Gp,http://dummyimage.com/206x199.jpg/ff4444/ffffff
halexsandrovichap@cbsnews.com,cloundap,QHDVUA1FM0d,http://dummyimage.com/169x121.png/cc0000/ffffff
hlorrowayaq@cpanel.net,dgrastyeaq,emw9EQl,http://dummyimage.com/126x229.png/5fa2dd/ffffff
bmorear@economist.com,ltreanorar,e2oMEEpI,http://dummyimage.com/217x168.bmp/cc0000/ffffff
aboscottas@scribd.com,wsuttellas,s0UfNLdh,http://dummyimage.com/180x130.jpg/cc0000/ffffff
lsunockat@github.com,mharryat,J4Hcu0NcE,http://dummyimage.com/193x171.png/cc0000/ffffff
ifrostdickeau@uol.com.br,coconnellau,timz7n6a,http://dummyimage.com/159x226.png/5fa2dd/ffffff
lhengoedav@ftc.gov,hconnellyav,63bMp5Gfea,http://dummyimage.com/175x228.png/dddddd/000000
edanneilaw@bloglovin.com,fmerckaw,40krTFT4v,http://dummyimage.com/143x187.jpg/ff4444/ffffff
ndegueax@tumblr.com,bnussenax,JkiYLvoLFFV2,http://dummyimage.com/246x217.jpg/dddddd/000000
rbrockingay@stanford.edu,lbevenay,OEmMQtVu,http://dummyimage.com/189x248.png/cc0000/ffffff
soadeaz@fema.gov,rrealyaz,BKAlCm,http://dummyimage.com/155x247.bmp/ff4444/ffffff
jradbournb0@friendfeed.com,mbengleb0,OSllfF5CN,http://dummyimage.com/123x167.png/5fa2dd/ffffff
cguietb1@skyrock.com,anokeb1,vxjXOaq,http://dummyimage.com/220x115.bmp/ff4444/ffffff
stapscottb2@delicious.com,bhugillb2,xaVhGa7IOoe,http://dummyimage.com/214x152.bmp/dddddd/000000
jdalrympleb3@irs.gov,mkewzickb3,A47dZz8,http://dummyimage.com/197x216.bmp/5fa2dd/ffffff
ghailb4@fema.gov,kmusprattb4,WySO8jiDz,http://dummyimage.com/125x225.bmp/5fa2dd/ffffff
earnaudonb5@auda.org.au,cbichardb5,ZXPLpPYGQNR,http://dummyimage.com/141x229.jpg/dddddd/000000
mmccleodb6@jiathis.com,kwifeb6,7MbW0O,http://dummyimage.com/102x136.jpg/dddddd/000000
mdurranceb7@answers.com,hgehrickeb7,kMXfsSGzpBJ,http://dummyimage.com/154x210.bmp/5fa2dd/ffffff
crogersonb8@intel.com,fbattelleb8,oFEyfitCbvBK,http://dummyimage.com/113x249.jpg/cc0000/ffffff
cvolkeb9@imgur.com,mhuittb9,UPygoSYYSo,http://dummyimage.com/250x128.jpg/cc0000/ffffff
jreppaportba@reuters.com,aseamerba,RiRC6p8FEd,http://dummyimage.com/194x108.bmp/cc0000/ffffff
jpurvisbb@cdc.gov,hoconnorbb,8jmLURylf,http://dummyimage.com/181x200.png/5fa2dd/ffffff
ztewkesberriebc@ehow.com,gdallinderbc,RslYaleIpI,http://dummyimage.com/129x197.png/cc0000/ffffff
cbernhardbd@eventbrite.com,bgoulterbd,0vMXX4j6l,http://dummyimage.com/114x179.png/cc0000/ffffff
pdybaldbe@google.fr,pthornthwaitebe,GK7uwepxnvzb,http://dummyimage.com/113x160.png/5fa2dd/ffffff
hsanbrokebf@marketwatch.com,gculloteybf,vyeOSIP,http://dummyimage.com/197x164.png/ff4444/ffffff
dgallardbg@nps.gov,jkeysonbg,5ngPdKcR7B,http://dummyimage.com/184x224.bmp/dddddd/000000
lregelousbh@irs.gov,gpocknollbh,zVzR6B,http://dummyimage.com/250x175.png/cc0000/ffffff
kfehnerbi@blogtalkradio.com,pshentonbi,zqTIDC,http://dummyimage.com/185x163.bmp/cc0000/ffffff
hmcfeebj@1688.com,lledekerbj,hoCczGjO0XlC,http://dummyimage.com/173x225.jpg/dddddd/000000
pstirleybk@mtv.com,gsambiedgebk,9eSHPb,http://dummyimage.com/100x151.jpg/dddddd/000000
hdeyesbl@unblog.fr,jfremantlebl,wiaV4X,http://dummyimage.com/102x250.jpg/ff4444/ffffff
hgristockbm@istockphoto.com,mjornbm,t4L4Vzul,http://dummyimage.com/151x238.bmp/cc0000/ffffff
lcadorebn@nhs.uk,mlevingebn,KOuLqljaF,http://dummyimage.com/128x152.jpg/cc0000/ffffff
dfenbybo@istockphoto.com,fphippsbo,4ryA2noG,http://dummyimage.com/240x191.bmp/ff4444/ffffff
sarbuckelbp@istockphoto.com,btottmanbp,kV0ETBj,http://dummyimage.com/163x211.bmp/cc0000/ffffff
ideverillebq@census.gov,lconcannonbq,OJpbUKmfY9PX,http://dummyimage.com/121x117.jpg/5fa2dd/ffffff
dbleesingbr@statcounter.com,dcuminebr,NCW2hbTp,http://dummyimage.com/237x185.png/cc0000/ffffff
mbunnbs@edublogs.org,bbarlassbs,Vz9nkJ7,http://dummyimage.com/131x204.png/dddddd/000000
emctrustiebt@economist.com,gbaylybt,gy9lyUzes,http://dummyimage.com/198x155.png/5fa2dd/ffffff
mmchirriebu@rediff.com,asauterbu,1KbvQU,http://dummyimage.com/196x135.png/cc0000/ffffff
bburrettbv@mozilla.org,cumplebybv,rpNJsvx6yzNr,http://dummyimage.com/211x163.jpg/cc0000/ffffff
bmounterbw@arstechnica.com,mshaudfurthbw,nsfYdfjRi,http://dummyimage.com/250x126.png/cc0000/ffffff
fhauggbx@clickbank.net,kwelbelovebx,phoEIbtW,http://dummyimage.com/189x101.bmp/5fa2dd/ffffff
dshipmanby@abc.net.au,despinayby,sEi4RYNi,http://dummyimage.com/206x199.png/ff4444/ffffff
nweatherhoggbz@seesaa.net,nsandysbz,z6Gs8l0IkZ8,http://dummyimage.com/184x163.bmp/ff4444/ffffff
ndanforthc0@samsung.com,emenichinic0,oYigeP,http://dummyimage.com/247x105.png/5fa2dd/ffffff
jzuenellic1@cocolog-nifty.com,gsheermanc1,j5oqpFE,http://dummyimage.com/204x108.bmp/5fa2dd/ffffff
dbraderc2@vinaora.com,lboylandc2,Ja70F4,http://dummyimage.com/109x173.png/5fa2dd/ffffff
rrennenbachc3@webmd.com,fcooleyc3,7lfN3yxVRIL,http://dummyimage.com/108x197.png/ff4444/ffffff
jmacmillanc4@theatlantic.com,tshillsc4,LeouBEl736a,http://dummyimage.com/243x133.png/ff4444/ffffff
hbilbrookec5@sakura.ne.jp,hbickerc5,0Ai1AX,http://dummyimage.com/235x150.jpg/ff4444/ffffff
gmarlandc6@liveinternet.ru,hgutowskic6,0wTZII3x2c,http://dummyimage.com/133x163.jpg/dddddd/000000
gbalchc7@vk.com,ssowersbyc7,gN1drXD,http://dummyimage.com/240x147.jpg/cc0000/ffffff
menochc8@dell.com,bsebrensc8,DsJP162W7Udb,http://dummyimage.com/155x239.bmp/5fa2dd/ffffff
rerikc9@umn.edu,jmellandc9,hK6OTs,http://dummyimage.com/189x158.jpg/cc0000/ffffff
sabernethyca@tiny.cc,dsnoddyca,26DOWnb,http://dummyimage.com/157x200.png/5fa2dd/ffffff
dmcneliscb@ebay.co.uk,dgarthcb,5fSIwM,http://dummyimage.com/117x236.png/cc0000/ffffff
mperkinscc@stumbleupon.com,sdeathcc,S2t6vGwk,http://dummyimage.com/197x164.png/cc0000/ffffff
epippardcd@army.mil,wkairnscd,TPtKkcqG,http://dummyimage.com/220x147.bmp/5fa2dd/ffffff
tsibaryce@canalblog.com,eventonce,Tk3MFGTKucx,http://dummyimage.com/231x182.bmp/cc0000/ffffff
gblumfieldcf@abc.net.au,zdomerquecf,Mzw82tvzcQW,http://dummyimage.com/110x176.png/ff4444/ffffff
mossultoncg@fotki.com,cfaheycg,ppFcdeOUq,http://dummyimage.com/149x222.bmp/5fa2dd/ffffff
jdoddrellch@rambler.ru,crobicch,ceJKnFdw,http://dummyimage.com/226x225.bmp/cc0000/ffffff
jmeadeci@tripadvisor.com,jjenckenci,iBdrQ7BONmb,http://dummyimage.com/205x136.bmp/ff4444/ffffff
wmayhocj@hostgator.com,bkeelecj,dCMIJC5JRsUA,http://dummyimage.com/152x200.png/cc0000/ffffff
mgobelck@prlog.org,kbrownsworthck,gMCZYliBn9,http://dummyimage.com/191x195.png/5fa2dd/ffffff
estarsmearecl@chronoengine.com,ecouldwellcl,UTADSd,http://dummyimage.com/134x249.png/cc0000/ffffff
bcatfordcm@bbb.org,nartrickcm,pXUhhaad,http://dummyimage.com/123x148.jpg/cc0000/ffffff
ascrivenorcn@baidu.com,kcronecn,4rLVvrZp8L1,http://dummyimage.com/178x144.bmp/ff4444/ffffff
kpippingco@biblegateway.com,fschwandenco,0slDUCzzda,http://dummyimage.com/113x111.jpg/dddddd/000000
fbanvillecp@nbcnews.com,mmaynellcp,zH02uJ3E,http://dummyimage.com/162x186.png/dddddd/000000
kthornbarrowcq@zimbio.com,mlebarrecq,l9uv2Cj1,http://dummyimage.com/196x187.bmp/ff4444/ffffff
pstrodercr@jigsy.com,jcottagecr,U65S1na8,http://dummyimage.com/145x185.png/cc0000/ffffff
ebumfordcs@biblegateway.com,eshippamcs,3WyaIkYWG7r,http://dummyimage.com/147x180.png/5fa2dd/ffffff
kbilloct@domainmarket.com,bcrummiect,J53PWR,http://dummyimage.com/225x154.png/cc0000/ffffff
ifarnorthcu@wordpress.org,jplayfordcu,kRsVNOCsn,http://dummyimage.com/143x184.jpg/5fa2dd/ffffff
msweetmorecv@booking.com,cjaumetcv,KanW8fzjkZ,http://dummyimage.com/112x238.png/cc0000/ffffff
cmahareycw@a8.net,ahatherillcw,im2Tg7dpa3X,http://dummyimage.com/121x160.bmp/5fa2dd/ffffff
mloadcx@statcounter.com,lcawsbycx,BLwYSzi6F1,http://dummyimage.com/219x230.bmp/ff4444/ffffff
bpunchercy@multiply.com,mparadescy,puC2E2BSxVi,http://dummyimage.com/219x134.bmp/dddddd/000000
pcopnallcz@umn.edu,mwacklycz,EjCmJ7Kosus9,http://dummyimage.com/120x154.jpg/cc0000/ffffff
mnieseld0@unesco.org,abarlaced0,LFyIG5Xup93,http://dummyimage.com/214x202.png/dddddd/000000
elaterzad1@bluehost.com,aisackd1,ffw7PQ2kOVvB,http://dummyimage.com/107x139.png/cc0000/ffffff
mfitzpatrickd2@technorati.com,hkohend2,LNlq6ZMOi,http://dummyimage.com/145x156.bmp/cc0000/ffffff
clamperdd3@so-net.ne.jp,gshawdforthd3,ceFjm8cGB,http://dummyimage.com/246x246.bmp/ff4444/ffffff
amcnultyd4@prlog.org,abernadzkid4,P4gwfmp3,http://dummyimage.com/220x140.png/5fa2dd/ffffff
soshead5@privacy.gov.au,jbouchardd5,pGJBv0W,http://dummyimage.com/218x153.jpg/ff4444/ffffff
mphateplaced6@shareasale.com,vbrumwelld6,oJljHX2yvl8H,http://dummyimage.com/133x208.png/cc0000/ffffff
dalfusod7@phpbb.com,ggrossmand7,10LucHP7c3,http://dummyimage.com/241x149.bmp/cc0000/ffffff
dmartyntsevd8@t.co,imiebesd8,0HT8MleVv,http://dummyimage.com/205x122.jpg/5fa2dd/ffffff
kpelmand9@prlog.org,tbonafacinod9,GPfP348,http://dummyimage.com/132x244.jpg/5fa2dd/ffffff
vlountda@tripod.com,icookda,EdIcMy,http://dummyimage.com/151x202.bmp/ff4444/ffffff
msarsfielddb@nifty.com,hitzhaiekdb,a6qJffnXX2,http://dummyimage.com/163x194.bmp/cc0000/ffffff
kfairriedc@stumbleupon.com,kboutelldc,Yk0qWcGjL,http://dummyimage.com/215x218.png/ff4444/ffffff
fgodfraydd@joomla.org,fellwelldd,1krC5XV,http://dummyimage.com/120x133.bmp/cc0000/ffffff
buttonde@livejournal.com,jbarrattde,w7PX0I,http://dummyimage.com/151x245.jpg/5fa2dd/ffffff
cnutondf@europa.eu,ucroandf,eVVl7W4iYR,http://dummyimage.com/184x234.bmp/ff4444/ffffff
cdeacockdg@zdnet.com,tvowdendg,Nb22O1,http://dummyimage.com/120x138.png/ff4444/ffffff
ftwinamedh@issuu.com,aphilpaultdh,VQHRaFPM2,http://dummyimage.com/232x196.bmp/dddddd/000000
mkassmandi@google.pl,scleavesdi,MRUteO6QTIqJ,http://dummyimage.com/170x200.bmp/ff4444/ffffff
jacockdj@storify.com,rloraitdj,rp149Cjf,http://dummyimage.com/131x227.bmp/ff4444/ffffff
jmcgowdk@topsy.com,dmalbondk,CUcdh3do,http://dummyimage.com/133x117.bmp/5fa2dd/ffffff
bgatwarddl@walmart.com,tschwartzdl,VPzhJR,http://dummyimage.com/101x108.jpg/dddddd/000000
rfittalldm@tiny.cc,wigounetdm,MFYHPZTp,http://dummyimage.com/175x101.png/dddddd/000000
jcollimoredn@gizmodo.com,ltimoneydn,3ekHGS8,http://dummyimage.com/223x196.png/cc0000/ffffff
kgaitdo@deliciousdays.com,rtrulockedo,gBScaFd9uH,http://dummyimage.com/177x113.png/dddddd/000000
tfearedp@so-net.ne.jp,dgratlanddp,oC3UdSjlqLjO,http://dummyimage.com/236x242.png/5fa2dd/ffffff
pjandacdq@privacy.gov.au,parnholzdq,RgYD45A,http://dummyimage.com/180x127.jpg/cc0000/ffffff
mhornbuckledr@dailymotion.com,sdikledr,yr1iDzhU,http://dummyimage.com/186x156.jpg/cc0000/ffffff
ndedamds@samsung.com,atrittends,ohtkd48Wo,http://dummyimage.com/154x209.jpg/dddddd/000000
ethickpennydt@virginia.edu,dgrasserdt,Kzo6uIR,http://dummyimage.com/116x162.bmp/cc0000/ffffff
pcatonnetdu@wired.com,emacdavittdu,rQfqAZ,http://dummyimage.com/198x154.jpg/5fa2dd/ffffff
acullivandv@arstechnica.com,nschollerdv,sejeZ98W,http://dummyimage.com/195x128.jpg/5fa2dd/ffffff
sbreetondw@discuz.net,mwinckledw,190farvQWSU9,http://dummyimage.com/113x180.png/ff4444/ffffff
amariaultdx@statcounter.com,ostenettdx,I6js1D75nin,http://dummyimage.com/129x140.jpg/cc0000/ffffff
alauthiandy@ucla.edu,ochindy,fHIkwl4A,http://dummyimage.com/242x233.png/5fa2dd/ffffff
pcorradettidz@bravesites.com,rcrosherdz,kZCeh1hts,http://dummyimage.com/131x199.png/5fa2dd/ffffff
kguerrerue0@unblog.fr,mapedailee0,Y9yRVI3,http://dummyimage.com/206x167.jpg/5fa2dd/ffffff
creardene1@washingtonpost.com,dparfette1,DtRuPG2I,http://dummyimage.com/121x218.jpg/cc0000/ffffff
dtennocke2@answers.com,jraselle2,Xfei8Sy2Fskc,http://dummyimage.com/138x192.bmp/5fa2dd/ffffff
dkunae3@gizmodo.com,igillbankse3,G3mocqSny6Yd,http://dummyimage.com/200x226.jpg/ff4444/ffffff
dstensone4@mapquest.com,dbalnavese4,JQ1zZc3avh3a,http://dummyimage.com/137x199.bmp/5fa2dd/ffffff
llandrethe5@npr.org,ryesipove5,OKOcG1oMXA,http://dummyimage.com/159x196.bmp/dddddd/000000
dcrisalle6@independent.co.uk,cstigerse6,nUIexf2PE8b,http://dummyimage.com/151x208.png/5fa2dd/ffffff
jreedye7@reference.com,ctaphousee7,HCpnjB,http://dummyimage.com/147x212.jpg/5fa2dd/ffffff
ldegiovannie8@shutterfly.com,gecclestone8,5NvVNuJ,http://dummyimage.com/202x108.png/dddddd/000000
lzecchiie9@imgur.com,sfetherstonee9,QHphi5bI7wrX,http://dummyimage.com/196x103.jpg/cc0000/ffffff
mrizzardiea@ow.ly,bthickingea,0c8ZfE5Jpu,http://dummyimage.com/193x215.bmp/dddddd/000000
oreimereb@bing.com,bmaccoveneyeb,TsXPNJAydq,http://dummyimage.com/193x185.png/5fa2dd/ffffff
cmctavishec@reuters.com,dmatschekec,iURGmxK,http://dummyimage.com/232x209.bmp/cc0000/ffffff
afalveyed@businessweek.com,eteodorskied,UyistL,http://dummyimage.com/107x150.bmp/cc0000/ffffff
vchalfainee@nymag.com,battwoulee,IaQT51Mv,http://dummyimage.com/200x215.jpg/dddddd/000000
oramshawef@etsy.com,kfoulghamef,RZEF6oVyuBa,http://dummyimage.com/240x249.jpg/ff4444/ffffff
dtommasuzzieg@howstuffworks.com,sduchateleg,26gzkW,http://dummyimage.com/227x158.png/dddddd/000000
emaccostoeh@shinystat.com,ysertineh,2o7wL50,http://dummyimage.com/220x197.jpg/dddddd/000000
epetytei@blinklist.com,fwhitehurstei,GrxXYjQL3DHg,http://dummyimage.com/193x148.bmp/5fa2dd/ffffff
bscrowsonej@fda.gov,rmetschkeej,34LBXO0N5KNX,http://dummyimage.com/142x160.bmp/cc0000/ffffff
membersonek@dion.ne.jp,tdunckleeek,QW1WgQj,http://dummyimage.com/187x217.jpg/cc0000/ffffff
cwilbyel@nature.com,bbernsel,x9KfXRl5z,http://dummyimage.com/230x130.jpg/5fa2dd/ffffff
hpontingem@indiegogo.com,sdydeem,skt1GiJp7Y,http://dummyimage.com/107x193.bmp/5fa2dd/ffffff
dashlinen@nih.gov,hgarlanten,tIvs12riCVEO,http://dummyimage.com/161x240.jpg/dddddd/000000
jmatanineo@instagram.com,ymachargeo,4VLwIur,http://dummyimage.com/175x203.bmp/5fa2dd/ffffff
pmuskettep@prnewswire.com,dmccardep,vMQepLVy,http://dummyimage.com/233x211.png/ff4444/ffffff
dcarpeq@washington.edu,bkopmanneq,DOcACs32F5,http://dummyimage.com/237x150.png/dddddd/000000
narntzener@google.fr,mwlocher,TctlygFgnR1,http://dummyimage.com/155x182.jpg/cc0000/ffffff
mdodgsones@wordpress.org,gblawes,YCuqYo9cg,http://dummyimage.com/241x112.png/dddddd/000000
asugdenet@walmart.com,kdillowayet,1AJsNPNSL,http://dummyimage.com/182x234.bmp/cc0000/ffffff
cdysoneu@instagram.com,dshineeu,XmUjINGyHmaE,http://dummyimage.com/164x165.bmp/cc0000/ffffff
fmelarkeyev@prweb.com,cquestev,UPApg4pP1qf,http://dummyimage.com/186x209.bmp/5fa2dd/ffffff
ivaughanew@prweb.com,igleaveew,VjMu6J5L,http://dummyimage.com/225x198.jpg/ff4444/ffffff
afrostdickex@fc2.com,hbainex,hgMTtAZJ,http://dummyimage.com/181x122.png/ff4444/ffffff
lferrettiey@paypal.com,earbuckleey,YhMY4h8jq,http://dummyimage.com/138x184.bmp/5fa2dd/ffffff
awycheez@earthlink.net,eadderleyez,MqtJN3TRJHQ,http://dummyimage.com/230x174.bmp/5fa2dd/ffffff
mbaglinf0@soup.io,wlongfellowf0,8HpDbhA2Z,http://dummyimage.com/147x229.png/ff4444/ffffff
rferencowiczf1@mlb.com,otrittamf1,6V8rKVXo,http://dummyimage.com/194x192.bmp/ff4444/ffffff
sasberyf2@elpais.com,dminorsf2,QXFHCLO,http://dummyimage.com/152x172.png/cc0000/ffffff
jmowsonf3@multiply.com,ccomrief3,6WIEO8,http://dummyimage.com/130x250.jpg/5fa2dd/ffffff
cnannizzif4@vistaprint.com,stantumf4,Pm5Vlp0g,http://dummyimage.com/147x228.bmp/cc0000/ffffff
lgreengrassf5@psu.edu,gpibsworthf5,PPyTRZ,http://dummyimage.com/128x183.bmp/ff4444/ffffff
msnelsonf6@skyrock.com,boakeshottf6,fBbr84RQE,http://dummyimage.com/233x162.png/ff4444/ffffff
akeenef7@php.net,tconnaughtonf7,Bf5ty9Nur,http://dummyimage.com/149x210.jpg/cc0000/ffffff
emattevif8@stumbleupon.com,ttebbsf8,IZ8ZQc,http://dummyimage.com/131x118.bmp/5fa2dd/ffffff
ipilleyf9@wikispaces.com,fslemmingf9,kDykARBM8y,http://dummyimage.com/159x237.jpg/cc0000/ffffff
tmcdellfa@cocolog-nifty.com,tclemersonfa,SQntC1A4z,http://dummyimage.com/112x105.bmp/5fa2dd/ffffff
jputsonfb@ezinearticles.com,fprowtingfb,HYSNNc1,http://dummyimage.com/170x117.png/cc0000/ffffff
ejorgesenfc@smugmug.com,cboobierfc,sZqzXXS6EI,http://dummyimage.com/200x235.jpg/cc0000/ffffff
apryerfd@shop-pro.jp,kguihenfd,4UnEI18A,http://dummyimage.com/196x212.png/dddddd/000000
sandryszczakfe@nps.gov,dridingfe,xtm6wkthhh,http://dummyimage.com/153x242.png/5fa2dd/ffffff
mbutlinff@fda.gov,nstruttmanff,Qh9nFDLieeH6,http://dummyimage.com/245x207.png/ff4444/ffffff
rhartoppfg@wired.com,kbeardsleyfg,62f420d80zEp,http://dummyimage.com/248x154.jpg/5fa2dd/ffffff
rmcveefh@nyu.edu,cgangefh,jscuX15klx,http://dummyimage.com/168x227.png/5fa2dd/ffffff
ktimblettfi@dyndns.org,ncandlinfi,5PzoRyaI9Voa,http://dummyimage.com/162x157.bmp/5fa2dd/ffffff
eaustenfj@wordpress.org,jdavidaifj,xMdT3eMW,http://dummyimage.com/244x156.png/ff4444/ffffff
nbirtleyfk@abc.net.au,kcrainefk,2J96ff2f,http://dummyimage.com/238x213.jpg/cc0000/ffffff
hdavidzonfl@acquirethisname.com,htildesleyfl,DzfiHL1i,http://dummyimage.com/214x163.bmp/5fa2dd/ffffff
fdemkefm@rediff.com,jpalayfm,ImPP8S,http://dummyimage.com/119x233.jpg/cc0000/ffffff
blittlejohnsfn@apple.com,fwinchcombfn,9z1DN4,http://dummyimage.com/201x221.jpg/ff4444/ffffff
ihattamfo@ibm.com,fkhomichfo,I5fFXA2H,http://dummyimage.com/132x168.jpg/dddddd/000000
efiginfp@flickr.com,esideyfp,pM3VLJ1J6C,http://dummyimage.com/222x235.png/ff4444/ffffff
dlebromfq@dropbox.com,chalgarthfq,tb8ljUKy,http://dummyimage.com/156x127.png/ff4444/ffffff
shallittfr@bigcartel.com,nbrikfr,noMN9XqPqxaV,http://dummyimage.com/190x172.bmp/cc0000/ffffff
adobrovskyfs@theglobeandmail.com,sdawtrefs,N26SW6nvKrI,http://dummyimage.com/246x235.png/5fa2dd/ffffff
kgwyerft@amazon.com,asaldlerft,hvvwp1KuH,http://dummyimage.com/107x178.png/5fa2dd/ffffff
aackroydfu@msn.com,nliverfu,ZBYX5C,http://dummyimage.com/175x212.png/cc0000/ffffff
dgehrtsfv@army.mil,mnyssenfv,AWve2kl,http://dummyimage.com/163x203.bmp/cc0000/ffffff
stiernyfw@sfgate.com,scalveleyfw,nEIXNlsMSGjA,http://dummyimage.com/112x192.bmp/ff4444/ffffff
mkynderfx@java.com,sbeatfx,uDxpKpMMtgg,http://dummyimage.com/135x230.jpg/cc0000/ffffff
carmingerfy@nba.com,hbrakerfy,O50cwcChkBx,http://dummyimage.com/247x134.bmp/ff4444/ffffff
wfoxenfz@godaddy.com,hbaildonfz,GfabQS7X,http://dummyimage.com/111x162.png/5fa2dd/ffffff
nprendevilleg0@miitbeian.gov.cn,bbleasdaleg0,HJOYg63x,http://dummyimage.com/117x226.jpg/dddddd/000000
aeppleg1@webeden.co.uk,equestedg1,FEzqWfxQmivB,http://dummyimage.com/203x145.bmp/dddddd/000000
dchelnamg2@simplemachines.org,rsweetloveg2,PWsBms,http://dummyimage.com/240x106.png/5fa2dd/ffffff
tfilippellog3@hp.com,rdenleyg3,slx9X4FFwgM,http://dummyimage.com/218x220.jpg/ff4444/ffffff
mteaseg4@google.pl,hiacobassig4,d1n0dxMT,http://dummyimage.com/144x177.jpg/cc0000/ffffff
twillarsg5@webnode.com,zyousefg5,E1airs,http://dummyimage.com/231x205.jpg/cc0000/ffffff
alembkeg6@goo.gl,tcobong6,1JYKyVTmNYEq,http://dummyimage.com/144x155.jpg/cc0000/ffffff
brainyg7@woothemes.com,tcassellag7,APjM7Ez4uYI,http://dummyimage.com/228x223.jpg/ff4444/ffffff
ndonaldg8@narod.ru,mivashinnikovg8,t5iJ77Y8,http://dummyimage.com/195x181.bmp/ff4444/ffffff
wokennyg9@indiegogo.com,vsachnog9,y5S2Y9,http://dummyimage.com/176x169.png/5fa2dd/ffffff
ldevillega@dell.com,dquantrillga,k67o45,http://dummyimage.com/209x116.jpg/5fa2dd/ffffff
sslippergb@dedecms.com,wfratsongb,9eagyLXXamw,http://dummyimage.com/190x111.jpg/5fa2dd/ffffff
cmarsgc@va.gov,jmaruszewskigc,cCj9y85s,http://dummyimage.com/125x225.bmp/dddddd/000000
cnemchinovgd@biglobe.ne.jp,tstraingd,tVraz0lAndXf,http://dummyimage.com/138x205.png/dddddd/000000
bleiversge@linkedin.com,cjehaesge,m3hvee,http://dummyimage.com/233x122.png/dddddd/000000
akellandgf@netlog.com,jjehugf,cbZofEP7,http://dummyimage.com/182x178.png/5fa2dd/ffffff
zdooregg@dyndns.org,larmalgg,zfPcz6I4VOSm,http://dummyimage.com/226x241.bmp/5fa2dd/ffffff
fdoegh@cornell.edu,mnusseygh,lAAz59WZF,http://dummyimage.com/131x175.jpg/ff4444/ffffff
smcgeadygi@msn.com,drossantgi,kKCtHMmfAY7,http://dummyimage.com/126x225.png/cc0000/ffffff
bsafontgj@about.com,hcapelinggj,210va8kXZoI,http://dummyimage.com/113x221.bmp/dddddd/000000
lwarbygk@so-net.ne.jp,jadkinsgk,xQrl4RdLd5DG,http://dummyimage.com/231x100.bmp/dddddd/000000
hdehmelgl@telegraph.co.uk,mrennoxgl,9fyLoMZv,http://dummyimage.com/222x193.jpg/ff4444/ffffff
wdomelawgm@google.com,gboddygm,KbpqEoNEe,http://dummyimage.com/182x144.png/5fa2dd/ffffff
hpoleygn@lycos.com,drowneygn,wLQW0X6t5W,http://dummyimage.com/111x205.png/dddddd/000000
gfeifergo@miibeian.gov.cn,vjacobsohngo,tzBKmDIGb,http://dummyimage.com/123x107.jpg/dddddd/000000
bvaggersgp@google.co.jp,dmacdermotgp,oEHsNwECWcx,http://dummyimage.com/153x148.jpg/5fa2dd/ffffff
rschelliggq@constantcontact.com,tmelsomegq,MqJxYxlMteF,http://dummyimage.com/207x207.jpg/dddddd/000000
gburkertgr@wikia.com,rdezamoragr,PKTSWdeT,http://dummyimage.com/166x139.bmp/cc0000/ffffff
lgauntergs@usnews.com,csemarkgs,yn7QE5MpT,http://dummyimage.com/218x246.bmp/5fa2dd/ffffff
cstockbridgegt@eventbrite.com,bfriedlosgt,ehGfR5,http://dummyimage.com/144x142.jpg/cc0000/ffffff
fmeakegu@parallels.com,dcaldrongu,QCEhtLS,http://dummyimage.com/179x248.png/5fa2dd/ffffff
rriggegv@hugedomains.com,sfarhertygv,lyGsFhsbAndL,http://dummyimage.com/207x245.jpg/5fa2dd/ffffff
wgraundissongw@netvibes.com,rwithropgw,cKjI6gb7z,http://dummyimage.com/173x164.bmp/ff4444/ffffff
llydfordgx@globo.com,wbaselligx,CzbUHG,http://dummyimage.com/167x239.png/dddddd/000000
jvatchergy@upenn.edu,erakegy,Q1ME3fyQQ,http://dummyimage.com/191x157.jpg/cc0000/ffffff
geldredgegz@discuz.net,rantyukhingz,kIT2Kns,http://dummyimage.com/125x249.bmp/ff4444/ffffff
lvainesh0@oakley.com,jbradmanh0,mYxsA2DBRl,http://dummyimage.com/139x242.png/ff4444/ffffff
tathowh1@hhs.gov,rbudgeth1,ySyFmdf,http://dummyimage.com/193x161.jpg/dddddd/000000
wbransgroveh2@linkedin.com,dcissonh2,zsrUwInURdQ,http://dummyimage.com/117x189.bmp/ff4444/ffffff
scorwinh3@thetimes.co.uk,mcampsh3,89HGzBZo7B3,http://dummyimage.com/218x200.jpg/ff4444/ffffff
mnuschah4@weebly.com,qcisnerosh4,CSVPZHFlAFeU,http://dummyimage.com/146x200.png/dddddd/000000
gsisseh5@auda.org.au,bhealeh5,SBVBYCmM,http://dummyimage.com/199x245.png/dddddd/000000
yshadrachh6@disqus.com,gmcgraffinh6,hMpb02IwWZ,http://dummyimage.com/151x171.bmp/dddddd/000000
ecroisierh7@forbes.com,erousselh7,IU5pMYz,http://dummyimage.com/143x118.bmp/dddddd/000000
enannettih8@amazonaws.com,ehemberyh8,Gol1st,http://dummyimage.com/139x221.png/cc0000/ffffff
npetrielloh9@cloudflare.com,egleweh9,9Z3NHsJDB,http://dummyimage.com/112x102.bmp/dddddd/000000
pvogtha@a8.net,aswyndleyha,R8aXbibu44Io,http://dummyimage.com/121x139.jpg/ff4444/ffffff
bdallowhb@reference.com,bkalinskyhb,ZDifvzj,http://dummyimage.com/200x166.png/dddddd/000000
fblarehc@godaddy.com,cvenninghc,q2puXq,http://dummyimage.com/121x240.bmp/5fa2dd/ffffff
fpladenhd@google.cn,gstebleshd,3qoTYT,http://dummyimage.com/106x153.png/ff4444/ffffff
grubicahe@uol.com.br,rgronowehe,DP5Wt1GuUSUh,http://dummyimage.com/201x155.png/ff4444/ffffff
opennellshf@forbes.com,coswellhf,NH14fGtFMf,http://dummyimage.com/176x235.jpg/ff4444/ffffff
lmcconachiehg@networkadvertising.org,mhoudhuryhg,68M18SgxGD,http://dummyimage.com/128x125.png/cc0000/ffffff
prushfordhh@mayoclinic.com,ajankshh,kaHTgb,http://dummyimage.com/102x214.png/5fa2dd/ffffff
dhoobanhi@t-online.de,fcasalettohi,jaou9JfaX,http://dummyimage.com/226x243.bmp/cc0000/ffffff
nbasterfieldhj@umich.edu,sprophethj,qCH3C5,http://dummyimage.com/136x219.jpg/ff4444/ffffff
cbesthk@usatoday.com,smelanhk,WVeey2pz2y3,http://dummyimage.com/218x175.jpg/cc0000/ffffff
cbrazilhl@taobao.com,lnasihl,OD6JWAk6uuLk,http://dummyimage.com/155x110.bmp/ff4444/ffffff
jsailorhm@1und1.de,mblockwellhm,PAmgOD,http://dummyimage.com/139x211.png/ff4444/ffffff
dcramerhn@ucoz.ru,bdelafonthn,OmhUI4pOC7,http://dummyimage.com/136x108.png/5fa2dd/ffffff
igreggho@scientificamerican.com,ahattiganho,irEaFty,http://dummyimage.com/119x151.png/5fa2dd/ffffff
glawlandhp@imgur.com,mgoochhp,NIiHSqEHw5,http://dummyimage.com/151x219.bmp/ff4444/ffffff
sventamhq@mtv.com,vmatheshq,Tv0Yr3,http://dummyimage.com/120x137.png/ff4444/ffffff
mmeekingshr@google.co.uk,acenterhr,Jisjhm6,http://dummyimage.com/231x207.png/cc0000/ffffff
kpeachamhs@telegraph.co.uk,mkilpatrickhs,7J0to1,http://dummyimage.com/238x149.jpg/ff4444/ffffff
mlynaghht@hexun.com,ddudlistonht,bQGnSSsF,http://dummyimage.com/237x176.jpg/dddddd/000000
cswaytehu@trellian.com,bfilchaginhu,CCiGQpn,http://dummyimage.com/160x122.png/cc0000/ffffff
harnalhv@cdc.gov,tpetrussihv,y9GmO68,http://dummyimage.com/123x137.png/dddddd/000000
kfearneyhw@cafepress.com,cbonnettehw,58lbfaUYtsUl,http://dummyimage.com/227x131.bmp/cc0000/ffffff
bwattishamhx@columbia.edu,eslimonhx,bomuFl9,http://dummyimage.com/171x181.jpg/cc0000/ffffff
teassebyhy@reuters.com,hwhatsizehy,1hvUgicX1,http://dummyimage.com/249x190.png/5fa2dd/ffffff
mgoacherhz@jiathis.com,vdederickhz,Irb21UDDgUdG,http://dummyimage.com/237x192.bmp/5fa2dd/ffffff
spetroffi0@google.pl,ccawi0,RfLJh72,http://dummyimage.com/120x112.jpg/ff4444/ffffff
srushi1@patch.com,csarteni1,k0H8IRVqc8,http://dummyimage.com/234x150.bmp/ff4444/ffffff
cfrackiewiczi2@guardian.co.uk,yeggertoni2,QbqJaN13Vq,http://dummyimage.com/136x208.bmp/5fa2dd/ffffff
chubbocki3@house.gov,icolthardi3,k1DZ26O,http://dummyimage.com/208x179.png/cc0000/ffffff
abacksoni4@blogger.com,hbernaciaki4,JWYEBdnOB,http://dummyimage.com/236x155.png/5fa2dd/ffffff
mboltoni5@cdbaby.com,vhannei5,33alcZ,http://dummyimage.com/214x233.jpg/dddddd/000000
tscardafieldi6@shinystat.com,gcorkeli6,VKYGSAF0HCv,http://dummyimage.com/126x201.png/dddddd/000000
choulaghani7@hostgator.com,osimici7,D3T2O9w4,http://dummyimage.com/104x240.jpg/cc0000/ffffff
halesii8@admin.ch,ypearcei8,SFKQDWurcw,http://dummyimage.com/156x237.png/cc0000/ffffff
phabbesi9@home.pl,srowcliffei9,DwJFkWYglUF,http://dummyimage.com/109x182.png/ff4444/ffffff
ydahlenia@unicef.org,mdyeia,mJfBlJnPMOe4,http://dummyimage.com/180x184.jpg/ff4444/ffffff
gblaziib@indiatimes.com,ltellenbrokib,c97ERY,http://dummyimage.com/166x144.jpg/cc0000/ffffff
dnevinsic@sohu.com,bfairbeardic,HwgwXCZoLc8I,http://dummyimage.com/230x183.bmp/5fa2dd/ffffff
eespinoid@google.de,chancockid,lOOT37OfNyZv,http://dummyimage.com/102x109.bmp/ff4444/ffffff
lbevisie@flavors.me,wryallie,KXVe0WcF,http://dummyimage.com/150x201.bmp/5fa2dd/ffffff
zheasleyif@hugedomains.com,charknessif,4yoLr7Hg,http://dummyimage.com/113x112.jpg/cc0000/ffffff
dembletonig@bandcamp.com,lduddleig,Vo1tHaZiwK,http://dummyimage.com/101x234.bmp/dddddd/000000
lkleinfeldih@ft.com,dbulgerih,UO3ivg,http://dummyimage.com/121x223.bmp/5fa2dd/ffffff
cbartolomeoniii@businesswire.com,jscurryii,UIhOXhA78gQM,http://dummyimage.com/108x239.png/cc0000/ffffff
dpatemoreij@scientificamerican.com,fomalleyij,fMyGeIUX,http://dummyimage.com/193x174.png/ff4444/ffffff
jstreatfieldik@narod.ru,vmingameik,CeT8fddtEdlT,http://dummyimage.com/137x189.jpg/cc0000/ffffff
rtommeiil@cnbc.com,atuleyil,8BSrAB,http://dummyimage.com/198x138.bmp/cc0000/ffffff
gbillingsim@spotify.com,zhuetsonim,K8DYW6ade3,http://dummyimage.com/239x244.bmp/5fa2dd/ffffff
bshervilin@wordpress.com,choneyghanin,oyEtXJ,http://dummyimage.com/216x174.png/ff4444/ffffff
pminicoio@unesco.org,mdowerio,HvQFKwjTb,http://dummyimage.com/109x148.bmp/cc0000/ffffff
droggeip@rambler.ru,hantonomoliiip,GYl19Cojf89,http://dummyimage.com/245x221.bmp/cc0000/ffffff
khinscheiq@amazon.com,tjarrittiq,JxHSZYEi6,http://dummyimage.com/120x206.bmp/ff4444/ffffff
wshasnanir@discuz.net,growlsonir,ygn6EOhntf,http://dummyimage.com/118x196.jpg/ff4444/ffffff
kprendevilleis@goo.gl,calekseevis,Zmw6UI5TtTG,http://dummyimage.com/122x133.jpg/cc0000/ffffff
ebulfieldit@economist.com,ayoskowitzit,uiAlfW9,http://dummyimage.com/133x153.png/dddddd/000000
astubleyiu@wikimedia.org,blerwayiu,RxGDTmvPdp,http://dummyimage.com/199x234.jpg/ff4444/ffffff
mkirtlaniv@prlog.org,lcuttingsiv,Ruz7cO35j,http://dummyimage.com/231x114.bmp/cc0000/ffffff
grodnightiw@google.es,gdelvesiw,uafsrjINg,http://dummyimage.com/250x228.bmp/cc0000/ffffff
ihernikix@sogou.com,codoranix,3ZZR6mlzXIw,http://dummyimage.com/104x189.jpg/cc0000/ffffff
lgadneyiy@linkedin.com,gdarragoniy,t6PLleAovxNr,http://dummyimage.com/121x230.png/5fa2dd/ffffff
shenkensiz@hostgator.com,lsakeriz,KGh5xMDh,http://dummyimage.com/199x178.bmp/cc0000/ffffff
tjolyj0@shop-pro.jp,arallinshawj0,2bj3seR,http://dummyimage.com/243x131.jpg/5fa2dd/ffffff
svargasj1@prnewswire.com,mrichfieldj1,ry1DhG6,http://dummyimage.com/213x216.png/dddddd/000000
djentonj2@bigcartel.com,mrustanj2,OoAhrKK,http://dummyimage.com/210x203.bmp/cc0000/ffffff
gdabornej3@xing.com,mashwoodj3,Z2tZGQpG,http://dummyimage.com/170x137.jpg/ff4444/ffffff
vhearnsj4@biblegateway.com,avolkersj4,1aGGfIIprM,http://dummyimage.com/145x106.jpg/cc0000/ffffff
msturgessj5@census.gov,awestphalj5,ZvRbPXV,http://dummyimage.com/246x112.jpg/ff4444/ffffff
pchorleyj6@google.it,voronanj6,gMgQ69lAYTeH,http://dummyimage.com/101x178.bmp/cc0000/ffffff
phowatj7@goodreads.com,gslinej7,BKm8b9f4Re2Q,http://dummyimage.com/214x174.png/ff4444/ffffff
cwormanj8@amazon.co.uk,scookleyj8,X1EHj39Zav2,http://dummyimage.com/205x112.png/ff4444/ffffff
hgrigolonj9@smugmug.com,wdoerfferj9,9yrvpN,http://dummyimage.com/162x178.png/dddddd/000000
lomoylanja@blinklist.com,jbeareja,HiuTlcr2oMNd,http://dummyimage.com/138x175.jpg/ff4444/ffffff
bbarliejb@github.io,lrufflejb,yy41UdktloR,http://dummyimage.com/121x223.bmp/5fa2dd/ffffff
alifejc@t-online.de,grichardinjc,OAixBwn1yhDj,http://dummyimage.com/215x126.jpg/ff4444/ffffff
lshadboltjd@mozilla.org,lmonikerjd,jHnjcSxSeV2,http://dummyimage.com/186x197.bmp/dddddd/000000
lganderje@shop-pro.jp,jjoscelinje,91z8Mg,http://dummyimage.com/118x186.png/5fa2dd/ffffff
amacpakejf@amazon.co.uk,kgairjf,fQr0xOYF,http://dummyimage.com/138x104.bmp/dddddd/000000
kaddinalljg@guardian.co.uk,lossultonjg,WLcZAS,http://dummyimage.com/184x224.bmp/cc0000/ffffff
hmcgeachiejh@gravatar.com,estallibrassjh,KfwguxpQ9V,http://dummyimage.com/153x230.jpg/cc0000/ffffff
gochterlonyji@dell.com,khuxtableji,bya0Pv2A,http://dummyimage.com/120x246.bmp/ff4444/ffffff
hfollanjj@youtube.com,basipenkojj,I4M1wyfnV2w7,http://dummyimage.com/204x221.bmp/cc0000/ffffff
hdanielovitchjk@bbb.org,hrawsonjk,3N9UWPWp,http://dummyimage.com/193x250.png/cc0000/ffffff
ahardistyjl@ibm.com,dgerryjl,fIf9lyQ,http://dummyimage.com/107x153.jpg/ff4444/ffffff
ckeeleyjm@nih.gov,loharajm,2PQYqT,http://dummyimage.com/239x134.png/dddddd/000000
gmeejn@wordpress.org,gnoirjn,UFnKxygAyk,http://dummyimage.com/229x158.png/ff4444/ffffff
tharraginjo@newsvine.com,ddominecjo,8qLKTEWAx1,http://dummyimage.com/204x213.png/ff4444/ffffff
bdakersjp@cloudflare.com,grihosekjp,lDJWhko,http://dummyimage.com/209x182.bmp/ff4444/ffffff
bgidneyjq@ow.ly,rmaharryjq,97rvf4i,http://dummyimage.com/234x184.png/5fa2dd/ffffff
tspargojr@tmall.com,srojajr,jqSAkRrQ,http://dummyimage.com/232x238.bmp/ff4444/ffffff
sfrancesconijs@nps.gov,dbalaisonjs,geWpHLop58A,http://dummyimage.com/204x152.png/5fa2dd/ffffff
tmantjt@sakura.ne.jp,ehappsjt,uf7KfFsc4,http://dummyimage.com/122x229.bmp/ff4444/ffffff
qsawfootju@flickr.com,ncamamileju,a85NA3LFgIGv,http://dummyimage.com/221x245.png/cc0000/ffffff
ghendrichjv@oakley.com,bibbetsonjv,vQmNLB3ZgVy,http://dummyimage.com/247x197.jpg/5fa2dd/ffffff
aneedsjw@altervista.org,sgoraccijw,dAx4Lp5,http://dummyimage.com/215x162.bmp/dddddd/000000
omckennanjx@feedburner.com,gsherebrookjx,crM2XXhAY,http://dummyimage.com/135x206.jpg/ff4444/ffffff
halfordejy@mediafire.com,fworvilljy,ENnWow78X,http://dummyimage.com/115x124.jpg/dddddd/000000
dshawdforthjz@wikispaces.com,bemeryjz,kc3lBs,http://dummyimage.com/109x126.jpg/dddddd/000000
rcanningsk0@jimdo.com,acharlottek0,ojPwS6n6rR,http://dummyimage.com/130x168.jpg/ff4444/ffffff
ckondratenkok1@youku.com,lrodgmank1,gPAoCH,http://dummyimage.com/156x192.png/5fa2dd/ffffff
abukowskik2@mozilla.com,cshewsmithk2,bA30Vh,http://dummyimage.com/228x134.jpg/5fa2dd/ffffff
jgraingerk3@springer.com,ewhybrayk3,JT0pj7,http://dummyimage.com/237x162.png/ff4444/ffffff
cpattinsonk4@biglobe.ne.jp,svedenisovk4,1GA3SXqvvLl,http://dummyimage.com/159x203.jpg/dddddd/000000
battestonek5@hao123.com,bbennittk5,6WzksiYQ,http://dummyimage.com/129x163.bmp/dddddd/000000
wgodmank6@hp.com,kyeudek6,6lN2wX1Tsviy,http://dummyimage.com/109x231.jpg/5fa2dd/ffffff
mlightbournk7@blogtalkradio.com,bseakingk7,16KaU3Z0,http://dummyimage.com/204x175.png/ff4444/ffffff
fpendlingtonk8@fotki.com,calexsandrowiczk8,615ybR,http://dummyimage.com/134x234.jpg/dddddd/000000
jscallank9@squarespace.com,smccuisk9,WhyjrsTwp,http://dummyimage.com/182x146.png/ff4444/ffffff
slargenka@about.com,ajarrittka,V8THriZ1GFV,http://dummyimage.com/100x123.jpg/cc0000/ffffff
gbruyntjeskb@imgur.com,bfurmingerkb,N7oh6Y,http://dummyimage.com/194x128.png/cc0000/ffffff
vbeagleholekc@desdev.cn,kbootherstonekc,DlcifBc,http://dummyimage.com/150x103.png/cc0000/ffffff
kkanwellkd@skype.com,dmcquirkkd,O3zTy5wS6hdF,http://dummyimage.com/185x143.bmp/ff4444/ffffff
kcullimoreke@opera.com,acowdenke,8sTxUx2mXJYS,http://dummyimage.com/176x166.jpg/5fa2dd/ffffff
msheldonkf@smugmug.com,agallawaykf,MFZSdTWWK,http://dummyimage.com/121x104.bmp/5fa2dd/ffffff
ckilliamkg@reference.com,acarmekg,gESlHv,http://dummyimage.com/180x235.bmp/ff4444/ffffff
gaspelkh@xrea.com,cmcphillipskh,o2uugUQJ0OjX,http://dummyimage.com/207x195.bmp/cc0000/ffffff
bfrancescuccioki@icio.us,dfengeki,4YyE0xNuaJ,http://dummyimage.com/181x177.bmp/dddddd/000000
sscaykj@omniture.com,fcauldfieldkj,5qf0Iv3H,http://dummyimage.com/149x115.bmp/cc0000/ffffff
mmaciakk@weebly.com,oaspallkk,fZB3pCdSFQjE,http://dummyimage.com/244x237.bmp/dddddd/000000
ktarbornkl@themeforest.net,bmattisssenkl,Li2jxz,http://dummyimage.com/179x222.jpg/ff4444/ffffff
nsaillkm@hao123.com,aeyekm,j6FslWwQp,http://dummyimage.com/136x139.png/5fa2dd/ffffff
fkopkn@globo.com,istaigkn,BFnsjg,http://dummyimage.com/227x106.png/ff4444/ffffff
cporterko@cbslocal.com,ecrennellko,X3q7pe,http://dummyimage.com/211x212.jpg/dddddd/000000
mcorraokp@epa.gov,ilalleykp,hEnGX1Fc5z,http://dummyimage.com/135x170.jpg/cc0000/ffffff
nmcparlinkq@ftc.gov,smaldinkq,ojY9uL,http://dummyimage.com/178x159.jpg/cc0000/ffffff
ckeeffekr@tuttocitta.it,bmatteakr,R0JjHdnb,http://dummyimage.com/246x180.png/dddddd/000000
nspinageks@msn.com,apadberyks,3pwXp99Q,http://dummyimage.com/176x215.png/dddddd/000000
spaulischkt@storify.com,lwhithamkt,il4W93mHnD6,http://dummyimage.com/242x135.jpg/dddddd/000000
mfortnonku@google.co.uk,cseawrightku,o3bRI0,http://dummyimage.com/138x234.jpg/dddddd/000000
cboyatkv@ebay.com,emckeemankv,D0PDjOr,http://dummyimage.com/134x149.jpg/5fa2dd/ffffff
sphysickkw@cbc.ca,dtullochkw,zgYrtfs2,http://dummyimage.com/232x167.bmp/dddddd/000000
lpatrykx@constantcontact.com,pregorzkx,Id35Nr,http://dummyimage.com/248x221.jpg/cc0000/ffffff
ystycheky@nytimes.com,elawlessky,blLpEClY,http://dummyimage.com/184x140.png/dddddd/000000
rbingallkz@alexa.com,aelseykz,umk5ASgt,http://dummyimage.com/150x200.png/cc0000/ffffff
mcroshaml0@europa.eu,lrosbergl0,J1KK6M4Pn,http://dummyimage.com/172x180.png/5fa2dd/ffffff
kcallabyl1@china.com.cn,lhuddlestonel1,HS2leyi1gAQ,http://dummyimage.com/145x178.png/5fa2dd/ffffff
klogiel2@theglobeandmail.com,kbummfreyl2,mQ550F,http://dummyimage.com/167x191.bmp/dddddd/000000
afishleyl3@xrea.com,dbadsworthl3,jtm6nfNh,http://dummyimage.com/115x189.png/5fa2dd/ffffff
mdonnellyl4@shinystat.com,hshanel4,tyQCENvLvU,http://dummyimage.com/120x169.jpg/5fa2dd/ffffff
lcobellol5@angelfire.com,fcrapperl5,1Y98NT,http://dummyimage.com/136x110.bmp/cc0000/ffffff
mferenczil6@amazon.de,crycraftl6,oGoj45bbP0I,http://dummyimage.com/138x177.bmp/ff4444/ffffff
eheintzl7@toplist.cz,chempshalll7,hFdJz2VOCV,http://dummyimage.com/137x206.bmp/5fa2dd/ffffff
planganl8@dmoz.org,jhalshawl8,VSK0Xv8cyK,http://dummyimage.com/114x119.png/5fa2dd/ffffff
fkarolovskyl9@istockphoto.com,rsauvagel9,EJUKmURTZW1,http://dummyimage.com/150x122.bmp/5fa2dd/ffffff
gclemowla@illinois.edu,drumboldla,hwGNr85qN,http://dummyimage.com/167x228.jpg/cc0000/ffffff
rmonklb@businessinsider.com,jmacfarlanelb,gw36ei,http://dummyimage.com/149x244.png/dddddd/000000
kneadslc@chron.com,tjutsonlc,Su0Ajdrk,http://dummyimage.com/107x101.png/5fa2dd/ffffff
pbridgestockld@wufoo.com,alockheadld,D6xnzW,http://dummyimage.com/152x187.png/5fa2dd/ffffff
tmessierle@theguardian.com,shayersle,kQMBFYbcTr,http://dummyimage.com/109x116.bmp/5fa2dd/ffffff
pclearslf@foxnews.com,nmcentagartlf,xoNbmzn,http://dummyimage.com/198x137.png/ff4444/ffffff
mpedroccolg@senate.gov,npirielg,DNRU0Q4eqoXT,http://dummyimage.com/225x184.png/5fa2dd/ffffff
mmardelllh@techcrunch.com,dspoltonlh,23tdwmD3Z,http://dummyimage.com/116x187.bmp/ff4444/ffffff
mgarshoreli@goodreads.com,oquareli,jS4Bar9jw,http://dummyimage.com/136x225.jpg/cc0000/ffffff
cbushelllj@economist.com,rcolliholelj,dH60k4KkYcc2,http://dummyimage.com/221x106.png/cc0000/ffffff
rmckewlk@slashdot.org,jkittowlk,s6DFgm4VdJu,http://dummyimage.com/181x237.bmp/dddddd/000000
cglabachll@ocn.ne.jp,ckendalll,I8Wo9jMWtS9t,http://dummyimage.com/170x120.jpg/ff4444/ffffff
mbothalm@ibm.com,mlorkingslm,Qwcn0kKJ,http://dummyimage.com/155x125.png/ff4444/ffffff
ofarbraceln@etsy.com,nscholardln,BjxyunAu5r,http://dummyimage.com/104x197.jpg/dddddd/000000
shrachoveclo@seesaa.net,jcasellilo,UcAbhKdzSmJo,http://dummyimage.com/243x216.jpg/cc0000/ffffff
pbeallp@nature.com,aiacomellilp,yCmT53,http://dummyimage.com/125x144.bmp/5fa2dd/ffffff
gblazynskilq@blogspot.com,hropslq,QJCA4MkiX,http://dummyimage.com/204x210.bmp/cc0000/ffffff
jdanilovlr@tumblr.com,apartonlr,Tuu79H1R,http://dummyimage.com/168x213.png/5fa2dd/ffffff
cdatels@mtv.com,sbrendekels,51aY1a,http://dummyimage.com/187x188.bmp/dddddd/000000
bthurnerlt@vimeo.com,lchallisslt,k9HlB5o,http://dummyimage.com/143x179.jpg/dddddd/000000
rsnapelu@technorati.com,emacnockaterlu,L3COhVTf,http://dummyimage.com/223x150.png/5fa2dd/ffffff
pfandrichlv@hugedomains.com,cbastonlv,se03Qs3JrsQ,http://dummyimage.com/178x100.jpg/dddddd/000000
cozannelw@feedburner.com,ahodintonlw,jgNY72,http://dummyimage.com/144x128.bmp/ff4444/ffffff
mlimpennylx@businessweek.com,mfebrylx,O5OzzVH0ig7f,http://dummyimage.com/106x216.bmp/dddddd/000000
gtreendly@msn.com,heilertly,05zPkN5q5pU,http://dummyimage.com/105x197.png/5fa2dd/ffffff
hmosleylz@earthlink.net,ucaruthlz,vZrauU7w7N,http://dummyimage.com/244x226.jpg/5fa2dd/ffffff
jtebaldm0@plala.or.jp,rmacewanm0,XDxrGGtsk,http://dummyimage.com/121x197.jpg/ff4444/ffffff
kfearnleym1@tamu.edu,dfluckerm1,6w7CCH5zTtS,http://dummyimage.com/221x102.png/5fa2dd/ffffff
mplacidim2@ted.com,wphillpottsm2,OnlMKhsVJ,http://dummyimage.com/218x233.jpg/5fa2dd/ffffff
bgainfortm3@1und1.de,agoldsburym3,GPHNWg,http://dummyimage.com/118x150.png/cc0000/ffffff
gelism4@bigcartel.com,tuttingm4,LHpxJ2,http://dummyimage.com/123x227.png/dddddd/000000
ttilsleym5@microsoft.com,lkurdanim5,ZNoZ08iwp,http://dummyimage.com/227x199.png/ff4444/ffffff
bstickensm6@purevolume.com,tmandellm6,fl7B3quvH3l,http://dummyimage.com/128x174.bmp/cc0000/ffffff
pkainem7@businessinsider.com,djimmesm7,Qs1azeh,http://dummyimage.com/236x128.png/5fa2dd/ffffff
mtrundlem8@si.edu,cmalyjm8,bzfrp4,http://dummyimage.com/233x124.jpg/ff4444/ffffff
mgriegm9@salon.com,nmcfaulm9,wX8ezcwc,http://dummyimage.com/147x188.jpg/ff4444/ffffff
wwarrenma@wufoo.com,abalmerma,mi2MZy,http://dummyimage.com/225x132.png/ff4444/ffffff
bbramontmb@ihg.com,jjanewmb,jNC1mbfFGqnC,http://dummyimage.com/179x205.bmp/cc0000/ffffff
bkopeckamc@barnesandnoble.com,dmarryattmc,FmpSfkObJ,http://dummyimage.com/117x188.bmp/cc0000/ffffff
smethingammd@blog.com,eastlingmd,72t7SiTxSx30,http://dummyimage.com/200x106.png/ff4444/ffffff
gbowersme@bbb.org,rravenscrofttme,9Crvoe5Qg,http://dummyimage.com/214x233.bmp/ff4444/ffffff
tbridgermf@a8.net,dmewburnmf,HjWlZQ,http://dummyimage.com/105x166.jpg/ff4444/ffffff
jzanettinimg@bbb.org,eduddanmg,zfvYp2,http://dummyimage.com/184x233.jpg/ff4444/ffffff
kheysmh@artisteer.com,gsturmeymh,cfOu8J3SF,http://dummyimage.com/123x112.bmp/ff4444/ffffff
bsturgismi@nytimes.com,riacominimi,0pDvHjH0Nh,http://dummyimage.com/167x186.bmp/5fa2dd/ffffff
lgodfraymj@devhub.com,nhursthousemj,I90nuDxHmoQZ,http://dummyimage.com/222x215.bmp/5fa2dd/ffffff
twalasmk@dagondesign.com,acarpmilemk,r44ki3,http://dummyimage.com/198x130.png/5fa2dd/ffffff
bjiggensml@spotify.com,cconichieml,fVTJSgoSFh,http://dummyimage.com/225x240.jpg/cc0000/ffffff
fclaussenmm@topsy.com,eduetschensmm,qOC1DJPGb,http://dummyimage.com/156x142.png/dddddd/000000
cvaneedenmn@squarespace.com,ssalmonimn,3XC7VjFkG,http://dummyimage.com/187x105.jpg/ff4444/ffffff
dgrichukhinmo@sogou.com,cscalesmo,gmy33WqX,http://dummyimage.com/132x242.jpg/5fa2dd/ffffff
bstubsmp@smugmug.com,wlondorsmp,WpdCVihGlYc,http://dummyimage.com/153x193.png/cc0000/ffffff
gnugentmq@sciencedirect.com,cmcmorranmq,7ap1T8,http://dummyimage.com/119x199.jpg/ff4444/ffffff
dgilbanksmr@google.cn,gthebeaumr,h64UJIARQn0,http://dummyimage.com/132x235.jpg/5fa2dd/ffffff
lhaydockms@noaa.gov,wdowsettms,ibIQxORUWXEk,http://dummyimage.com/120x250.jpg/ff4444/ffffff
smacgallmt@acquirethisname.com,tgealemt,EEs2P7ckEChZ,http://dummyimage.com/224x143.jpg/cc0000/ffffff
mstockymu@hc360.com,tfanstonemu,cVzkcNC,http://dummyimage.com/180x195.bmp/5fa2dd/ffffff
gkuppermv@webs.com,oliveseymv,FQhxUPrG,http://dummyimage.com/243x101.bmp/5fa2dd/ffffff
lrobrowmw@dyndns.org,rbarleymw,sDUXG2La,http://dummyimage.com/103x182.jpg/dddddd/000000
arubenczykmx@deliciousdays.com,upownermx,04eExTGiIZ,http://dummyimage.com/238x242.png/dddddd/000000
csiddlemy@t-online.de,ispadamy,gkbTbNFD,http://dummyimage.com/167x143.png/dddddd/000000
ikealmz@acquirethisname.com,idadamomz,JFNB1Zr,http://dummyimage.com/209x197.jpg/cc0000/ffffff
kcrusen0@paypal.com,rfareweathern0,sQid7v,http://dummyimage.com/141x103.png/cc0000/ffffff
pgrennann1@elpais.com,jbelvinn1,o0ui7ax4,http://dummyimage.com/232x210.bmp/ff4444/ffffff
lloffilln2@ibm.com,sdanseyn2,QWOGTeoKll,http://dummyimage.com/162x141.png/5fa2dd/ffffff
hquickendenn3@people.com.cn,eabrahamsonn3,uKEmLGhx,http://dummyimage.com/244x136.bmp/ff4444/ffffff
ckilmurryn4@diigo.com,scroptonn4,LslOMGzq,http://dummyimage.com/205x123.bmp/cc0000/ffffff
sspightn5@forbes.com,zfaudrien5,lufr6dbBeYKK,http://dummyimage.com/174x178.jpg/dddddd/000000
cbayfordn6@shinystat.com,fradolfn6,zkfLfrVNov,http://dummyimage.com/120x143.jpg/dddddd/000000
dbernin7@patch.com,amckailen7,hGINFrlcX,http://dummyimage.com/239x138.png/5fa2dd/ffffff
gbraneyn8@rediff.com,fshahn8,tbrfoHzz,http://dummyimage.com/220x174.jpg/5fa2dd/ffffff
twymern9@tiny.cc,ajosifovitzn9,ydsQGThgWNp,http://dummyimage.com/140x155.png/cc0000/ffffff
ehurringna@jugem.jp,kbendixna,37HSXkOv,http://dummyimage.com/225x205.bmp/dddddd/000000
vsinclarnb@mtv.com,cpotzoldnb,WGtJxnlDmgC,http://dummyimage.com/154x225.bmp/dddddd/000000
llorenzininc@paypal.com,myvensnc,p1vULB2QrZI8,http://dummyimage.com/201x161.bmp/dddddd/000000
gbrungernd@cdbaby.com,egarettnd,uOjUsoBu19,http://dummyimage.com/195x175.png/5fa2dd/ffffff
hbeddiene@sbwire.com,ogrovenne,ExNhHs,http://dummyimage.com/219x182.png/dddddd/000000
loneilnf@timesonline.co.uk,dbeynknnf,l7iu0cLsC,http://dummyimage.com/151x213.png/5fa2dd/ffffff
ayeseninng@house.gov,tjacobing,s5ZVY4uN3,http://dummyimage.com/216x158.jpg/cc0000/ffffff
ohardakernh@smh.com.au,strattlesnh,IfSMbNlsNp,http://dummyimage.com/153x158.jpg/5fa2dd/ffffff
mtibbottsni@amazon.de,ysimecekni,OO4cD3MC,http://dummyimage.com/199x181.jpg/5fa2dd/ffffff
ddombrellnj@fotki.com,bwhistlecroftnj,1jSMmXMr,http://dummyimage.com/158x216.bmp/ff4444/ffffff
skeenleysidenk@people.com.cn,dselveynk,HKmDyMT,http://dummyimage.com/125x154.jpg/ff4444/ffffff
thalynl@weather.com,bcluesnl,rsN6vx,http://dummyimage.com/131x223.bmp/cc0000/ffffff
aarelesnm@ucoz.ru,hheppnernm,7VJganNQ5kQo,http://dummyimage.com/134x195.png/ff4444/ffffff
vdulinnn@example.com,asuddocknn,euqu1DG8WyP,http://dummyimage.com/160x176.jpg/5fa2dd/ffffff
iskelcherno@cnbc.com,dmckyrrellyno,wifV0j,http://dummyimage.com/249x232.bmp/dddddd/000000
pclemitsnp@com.com,vquailnp,TgdosU,http://dummyimage.com/229x114.png/ff4444/ffffff
amcenteggartnq@posterous.com,sklincknq,ho00OA,http://dummyimage.com/115x104.png/cc0000/ffffff
alefriecnr@livejournal.com,tlefortnr,uLH22a3,http://dummyimage.com/147x178.jpg/cc0000/ffffff
ishoebrookns@devhub.com,srobillardns,ci0PFf,http://dummyimage.com/106x239.bmp/dddddd/000000
sgauchernt@creativecommons.org,abalshennt,xI4SMy3QwLgY,http://dummyimage.com/102x183.jpg/ff4444/ffffff
nscoggannu@instagram.com,raudreynu,YYaT0yNvaLy,http://dummyimage.com/124x163.bmp/5fa2dd/ffffff
jmactaguenv@webmd.com,bwoodhamnv,uPQfQlRYoG,http://dummyimage.com/161x161.png/dddddd/000000
gbygreavesnw@whitehouse.gov,eobisponw,hbxD3p,http://dummyimage.com/215x238.bmp/5fa2dd/ffffff
sbedhamnx@bravesites.com,xpeertnx,qriTNQzw,http://dummyimage.com/118x162.png/cc0000/ffffff
cpashenny@devhub.com,mguesteny,7C8J5hAQOMH,http://dummyimage.com/208x186.bmp/cc0000/ffffff
llowthernz@foxnews.com,sfilshinnz,4ztXfl9r,http://dummyimage.com/186x108.png/ff4444/ffffff
htollito0@sfgate.com,apoppyo0,CNqxP9F,http://dummyimage.com/182x168.bmp/cc0000/ffffff
ntrosdallo1@storify.com,kcrosbieo1,kgj5DrCO8kB,http://dummyimage.com/239x212.jpg/5fa2dd/ffffff
erodgersono2@macromedia.com,mpackmano2,cSeNj5T,http://dummyimage.com/199x167.jpg/cc0000/ffffff
jlarderoto3@go.com,aoxtarbyo3,rMlzNDh6,http://dummyimage.com/207x162.bmp/ff4444/ffffff
hlesurfo4@irs.gov,jcassidyo4,3BZafuxozZs,http://dummyimage.com/191x205.jpg/cc0000/ffffff
aheberdeno5@ycombinator.com,ssparkwillo5,bhQWmjFjx,http://dummyimage.com/129x160.jpg/dddddd/000000
mrandaleso6@jiathis.com,bmcmanamano6,WLlz31ETiz,http://dummyimage.com/107x104.png/dddddd/000000
abottonero7@scientificamerican.com,mwardaleo7,pHZwj6Q,http://dummyimage.com/168x163.bmp/dddddd/000000
mmardleo8@acquirethisname.com,preynoldsono8,FRXkbmppC,http://dummyimage.com/209x248.bmp/cc0000/ffffff
emustoo9@sogou.com,bandreao9,pgE21eik,http://dummyimage.com/190x186.bmp/cc0000/ffffff
btodarooa@histats.com,sboaloa,k7aIJQAvFbN,http://dummyimage.com/137x247.jpg/dddddd/000000
vborehamob@oracle.com,lziehmob,uGLIko,http://dummyimage.com/169x242.jpg/cc0000/ffffff
sswiggeroc@example.com,gaizikovitzoc,5gcnamA,http://dummyimage.com/189x216.bmp/cc0000/ffffff
cgossonod@desdev.cn,mklimentovod,sZNsnw,http://dummyimage.com/198x192.bmp/5fa2dd/ffffff
fmeganyoe@dion.ne.jp,graggattoe,XMHJwlq100,http://dummyimage.com/224x126.jpg/cc0000/ffffff
hdeverockof@qq.com,tromneyof,CrScrcJ7,http://dummyimage.com/227x197.bmp/5fa2dd/ffffff
wkemwallog@businesswire.com,hcholoninog,pl45YlMgdA,http://dummyimage.com/179x111.png/ff4444/ffffff
nvideanoh@unblog.fr,hswinglehurstoh,WhTiDyjQoC,http://dummyimage.com/246x205.bmp/dddddd/000000
vjoynsonoi@altervista.org,vsyeroi,vdMstWWg,http://dummyimage.com/179x230.png/dddddd/000000
tjellisoj@irs.gov,ekelbereroj,Ehj2pya7,http://dummyimage.com/227x170.bmp/ff4444/ffffff
oferreliok@sciencedirect.com,ahalpinok,Zbhn0fxOjFh7,http://dummyimage.com/245x131.jpg/ff4444/ffffff
fblackallol@intel.com,ckedwellol,K1qJUoXF3tG,http://dummyimage.com/151x193.png/dddddd/000000
msherrocksom@europa.eu,bpaszekom,3PNJF4mK,http://dummyimage.com/127x199.bmp/ff4444/ffffff
cbirdfieldon@de.vu,rantoniason,7mVOnnfOv,http://dummyimage.com/201x149.jpg/5fa2dd/ffffff
ckenneyoo@goo.ne.jp,kathelstanoo,crKLqx4HZ7g,http://dummyimage.com/218x193.bmp/5fa2dd/ffffff
ohurstop@biglobe.ne.jp,jmurfettop,6xnclu2te,http://dummyimage.com/153x112.jpg/dddddd/000000
ltinghilloq@plala.or.jp,jmantonoq,JInrcvwG,http://dummyimage.com/230x186.png/cc0000/ffffff
prevanor@amazon.co.uk,shindenbergeror,IbkO0WA55,http://dummyimage.com/236x133.jpg/dddddd/000000
bbantonos@domainmarket.com,boakshottos,ZLYiUyuiVjmx,http://dummyimage.com/152x210.jpg/5fa2dd/ffffff
ccasesot@github.com,asoppot,II6zEWRw,http://dummyimage.com/171x212.bmp/5fa2dd/ffffff
ecorzorou@time.com,kdackeou,fTCBifVPkK,http://dummyimage.com/105x237.png/ff4444/ffffff
jnicholov@t-online.de,spahlov,MajvhJFYb,http://dummyimage.com/156x174.jpg/5fa2dd/ffffff
apaintainow@opera.com,bcookleyow,bVkunGE,http://dummyimage.com/234x232.jpg/5fa2dd/ffffff
criddox@uiuc.edu,mvideanox,h1y80WQ,http://dummyimage.com/195x201.png/cc0000/ffffff
lliddiardoy@un.org,dferberoy,2h3iCIzyyn,http://dummyimage.com/232x202.png/5fa2dd/ffffff
mgaitskelloz@naver.com,awharfeoz,L8MV7V3c,http://dummyimage.com/175x174.png/ff4444/ffffff
ogreganp0@shinystat.com,dwetheredp0,32wFiKX,http://dummyimage.com/206x221.bmp/ff4444/ffffff
msollisp1@dyndns.org,cmccreathp1,lPDXREGMPDAW,http://dummyimage.com/181x120.bmp/ff4444/ffffff
calvaradop2@fotki.com,hcrammyp2,QEtCanUfmjrL,http://dummyimage.com/219x247.png/5fa2dd/ffffff
ttabardp3@youku.com,csivyerp3,Q4nm7vldm,http://dummyimage.com/176x199.bmp/cc0000/ffffff
slyddyp4@statcounter.com,rchillistonep4,mzFcMe,http://dummyimage.com/245x217.jpg/5fa2dd/ffffff
isyresp5@economist.com,dphilippeauxp5,LSongXQ,http://dummyimage.com/117x148.jpg/dddddd/000000
placasep6@ameblo.jp,cadamskip6,P4LRB9x,http://dummyimage.com/106x174.bmp/ff4444/ffffff
cbednallp7@histats.com,anelseyp7,Vb4bvqA,http://dummyimage.com/136x247.jpg/cc0000/ffffff
bpilsburyp8@friendfeed.com,lbarrouxp8,jX99J5rO,http://dummyimage.com/209x217.bmp/ff4444/ffffff
slinesp9@printfriendly.com,saikmanp9,aYEX6zx,http://dummyimage.com/110x250.png/dddddd/000000
adallinpa@ameblo.jp,wotridgepa,OA7bXV20l,http://dummyimage.com/187x224.png/dddddd/000000
afotherbypb@unblog.fr,zhuskpb,sSummJAOw4,http://dummyimage.com/132x148.jpg/cc0000/ffffff
jfalkinghampc@tinyurl.com,lboasepc,UgrRAOeTMpN,http://dummyimage.com/215x105.jpg/cc0000/ffffff
gmaidenpd@pbs.org,lworkmanpd,a1MnR3I,http://dummyimage.com/138x166.bmp/dddddd/000000
kheinritzpe@4shared.com,rbushbype,vIbS4N3l,http://dummyimage.com/127x139.png/5fa2dd/ffffff
jdabbotdoylepf@latimes.com,cbaudainpf,1I4g52Cdx,http://dummyimage.com/222x175.png/ff4444/ffffff
moliverapg@cdc.gov,hbeecraftpg,GLUe6THn,http://dummyimage.com/230x145.bmp/dddddd/000000
ledlingtonph@example.com,cmarchettiph,fIE08VdQdpD,http://dummyimage.com/214x117.bmp/ff4444/ffffff
hbaiteypi@ihg.com,handreacciopi,KXrZd1DMMoc,http://dummyimage.com/135x213.png/dddddd/000000
bpollandpj@seattletimes.com,nelseypj,R1xnvWTQ,http://dummyimage.com/147x122.png/cc0000/ffffff
vingledowpk@wordpress.com,thuntingdonpk,SReBRqq,http://dummyimage.com/107x145.jpg/dddddd/000000
lhucksterpl@google.com,caxcellpl,jGe0253h89en,http://dummyimage.com/222x151.jpg/cc0000/ffffff
alandepm@people.com.cn,sbroszkiewiczpm,73I7GNvI34au,http://dummyimage.com/120x133.bmp/dddddd/000000
nebbuttpn@cafepress.com,dsheardownpn,G9XwpnSyAS,http://dummyimage.com/189x188.jpg/cc0000/ffffff
iebbuttpo@rambler.ru,jraineypo,uXGRUCekA1a,http://dummyimage.com/249x245.bmp/ff4444/ffffff
lorringpp@ow.ly,bcarmodypp,T8aRA4ZG1I,http://dummyimage.com/116x217.png/cc0000/ffffff
shaggerstonepq@techcrunch.com,osafellpq,HlWev0wk,http://dummyimage.com/175x188.bmp/ff4444/ffffff
shauxwellpr@nsw.gov.au,wgroundwaterpr,OB3X7K2hkd,http://dummyimage.com/185x225.png/ff4444/ffffff
bmarkingps@naver.com,sletixierps,qyo5eHw,http://dummyimage.com/150x214.jpg/dddddd/000000
nmcgillacoellpt@networkadvertising.org,jmussillipt,fzOpILh7KzuI,http://dummyimage.com/164x209.png/dddddd/000000
kbroselpu@jimdo.com,rtabererpu,5oVHiGL5,http://dummyimage.com/104x162.jpg/5fa2dd/ffffff
avasyaginpv@goo.gl,rghiottopv,SCsXOgEJ3fH,http://dummyimage.com/228x200.png/cc0000/ffffff
abosworthpw@mit.edu,cboamepw,RTXgOIGLKd,http://dummyimage.com/107x222.bmp/dddddd/000000
dsimonaitispx@psu.edu,iellicepx,ZaVt58Sc3N,http://dummyimage.com/102x141.png/5fa2dd/ffffff
cwhittleseepy@reuters.com,mcolleymorepy,BpBofi9LQf,http://dummyimage.com/142x249.jpg/5fa2dd/ffffff
ezackpz@vinaora.com,ccarvillepz,XGQW6eyl,http://dummyimage.com/161x209.jpg/ff4444/ffffff
fskoateq0@dailymail.co.uk,mbickerdickeq0,G1Jva2kx2N,http://dummyimage.com/113x230.png/cc0000/ffffff
hvolantq1@tinyurl.com,acornilleauq1,MtOp7W,http://dummyimage.com/206x229.jpg/ff4444/ffffff
ssterryq2@wikia.com,nharbageq2,ASwgsRc,http://dummyimage.com/198x213.bmp/5fa2dd/ffffff
tmatuskiewiczq3@blogs.com,elamploughq3,9sRggiN8dM,http://dummyimage.com/139x139.jpg/dddddd/000000
kkermathq4@wufoo.com,cpickfordq4,SpYv3N3i7,http://dummyimage.com/229x165.png/cc0000/ffffff
estaddenq5@bluehost.com,geardleyq5,kpIZSSRlNT,http://dummyimage.com/199x235.png/cc0000/ffffff
cmorfellq6@economist.com,crudwellq6,0kOB5oTGcR,http://dummyimage.com/129x161.jpg/5fa2dd/ffffff
wambroginiq7@newsvine.com,olacknerq7,RphBIRkpEpyj,http://dummyimage.com/250x218.bmp/dddddd/000000
aarisq8@slashdot.org,dvanderkruisq8,VTmgUG3tMMak,http://dummyimage.com/198x166.jpg/5fa2dd/ffffff
palvaroq9@skype.com,svarleyq9,Z3K96baF51d,http://dummyimage.com/178x207.jpg/cc0000/ffffff
gavrahamianqa@arstechnica.com,wbernetqa,I369YJcRyCb0,http://dummyimage.com/234x150.bmp/5fa2dd/ffffff
swillisqb@issuu.com,ghallardqb,i3SIGzFx,http://dummyimage.com/104x164.bmp/dddddd/000000
grorkeqc@merriam-webster.com,krohmerqc,zzhK98w8rH,http://dummyimage.com/219x167.png/dddddd/000000
gkingerbyqd@apache.org,owolfindaleqd,GvsgJZvundp,http://dummyimage.com/140x218.bmp/5fa2dd/ffffff
lglanesterqe@huffingtonpost.com,glauchlanqe,M7wRqefnw,http://dummyimage.com/140x143.jpg/dddddd/000000
bwildboreqf@skyrock.com,fmauchlenqf,4P36srQ,http://dummyimage.com/199x195.bmp/5fa2dd/ffffff
gthuillierqg@jalbum.net,slunnonqg,MGJhgM,http://dummyimage.com/206x165.png/5fa2dd/ffffff
bhudspithqh@rediff.com,otraversqh,aDkB4KV9BZ,http://dummyimage.com/114x150.jpg/5fa2dd/ffffff
dchampionqi@japanpost.jp,bladburyqi,Ej1nog6SH,http://dummyimage.com/177x243.bmp/cc0000/ffffff
tphelpqj@home.pl,rlenehamqj,Kz7t7Ik5,http://dummyimage.com/128x224.png/ff4444/ffffff
ebuxsyqk@netlog.com,fraveauqk,uiQxaVanCOTx,http://dummyimage.com/195x202.jpg/cc0000/ffffff
cfarryanql@intel.com,jdraysonql,qqEpVMNApM,http://dummyimage.com/128x150.jpg/5fa2dd/ffffff
ddongateqm@bbc.co.uk,mbaskervilleqm,JgFdWdD,http://dummyimage.com/222x149.jpg/dddddd/000000
ltompkinsonqn@nydailynews.com,eciardoqn,9BdT8O,http://dummyimage.com/221x110.bmp/5fa2dd/ffffff
sdorroqo@hostgator.com,eruossqo,uJvPlE,http://dummyimage.com/188x234.jpg/cc0000/ffffff
creeksqp@zdnet.com,kmityushinqp,y8Lh6109,http://dummyimage.com/154x167.png/dddddd/000000
wboshardqq@apple.com,hsimoensqq,YUE4oNmK8MF2,http://dummyimage.com/173x201.jpg/ff4444/ffffff
hwrighthamqr@discovery.com,jkytterqr,o66EE1Vn,http://dummyimage.com/123x164.png/dddddd/000000
agoghinqs@mashable.com,tmcenteeqs,UwlH0M5GRRmd,http://dummyimage.com/249x127.png/ff4444/ffffff
afaichnieqt@nba.com,msoldanqt,SdwDt0e,http://dummyimage.com/235x145.jpg/dddddd/000000
cschenkelqu@drupal.org,jgrimwoodqu,ZQsArErT5y,http://dummyimage.com/187x172.png/dddddd/000000
kmoorheadqv@blogspot.com,kurridgeqv,d1rBVv,http://dummyimage.com/173x186.jpg/cc0000/ffffff
jegaltonqw@cloudflare.com,eoverstreetqw,7fWBbymv,http://dummyimage.com/207x196.png/cc0000/ffffff
pbeardonqx@w3.org,pcroptonqx,JQZYXQ4BXi8,http://dummyimage.com/199x116.png/ff4444/ffffff
ddulanyqy@google.pl,fdearloveqy,imLmNY,http://dummyimage.com/153x232.bmp/5fa2dd/ffffff
avanveldenqz@desdev.cn,jhancoxqz,cBNsAon5lC,http://dummyimage.com/231x117.bmp/5fa2dd/ffffff
emewburnr0@dailymotion.com,rrichesr0,5cYIAtBtOVk,http://dummyimage.com/165x191.bmp/cc0000/ffffff
fmatessianr1@jalbum.net,rabramir1,pBacqW,http://dummyimage.com/199x121.png/cc0000/ffffff
lharlockr2@google.com.br,llackr2,b2pglrEah3,http://dummyimage.com/207x205.png/dddddd/000000
ogilksr3@last.fm,vduguidr3,Ky7WERN,http://dummyimage.com/146x142.bmp/5fa2dd/ffffff
relfordr4@yahoo.com,dberginr4,IsSxCwZF,http://dummyimage.com/233x196.bmp/dddddd/000000
mrossr5@indiatimes.com,fargabriter5,Q9vOnM7OHer,http://dummyimage.com/138x217.png/5fa2dd/ffffff
llowthorper6@tiny.cc,tloiseaur6,ttwxBqS6K,http://dummyimage.com/195x126.jpg/dddddd/000000
mmcgivenr7@accuweather.com,ldanbir7,mcuQzrTt,http://dummyimage.com/101x220.jpg/ff4444/ffffff
rburgwynr8@adobe.com,edaunceyr8,x7IdWRULV6,http://dummyimage.com/163x172.bmp/ff4444/ffffff
nblaker9@alexa.com,dflamentr9,FoSnMOs,http://dummyimage.com/117x209.bmp/5fa2dd/ffffff
rnansomra@xing.com,emcileenra,zoDASSnQeWez,http://dummyimage.com/126x168.bmp/ff4444/ffffff
nmatijasevicrb@joomla.org,rdonneelyrb,ppzOPa,http://dummyimage.com/128x198.jpg/ff4444/ffffff
gdrummondrc@technorati.com,pmarjanovicrc,JrNaKM,http://dummyimage.com/185x227.png/cc0000/ffffff
ahaydnrd@harvard.edu,ngravenorrd,VxEpxKAoPB,http://dummyimage.com/201x162.png/cc0000/ffffff
vhaughinre@topsy.com,sreaganre,KdlOgPLVdui,http://dummyimage.com/249x190.jpg/dddddd/000000
ggasparrf@google.co.jp,wiannellorf,3PIU0g1nK8,http://dummyimage.com/101x116.bmp/dddddd/000000
esibbitrg@upenn.edu,jklewerrg,wZ4z1TZ,http://dummyimage.com/113x173.png/dddddd/000000
jgreenleyrh@cdc.gov,dradleyrh,EHOCiAEN,http://dummyimage.com/120x206.bmp/cc0000/ffffff
nseabrightri@cocolog-nifty.com,zrangerri,A506jH0bXSt,http://dummyimage.com/227x112.jpg/ff4444/ffffff
lousbyrj@hostgator.com,rjacquemotrj,NS6JDlmNA6,http://dummyimage.com/190x228.bmp/cc0000/ffffff
hsoarrk@addtoany.com,dgittusrk,btjfgh,http://dummyimage.com/137x214.png/ff4444/ffffff
abiaggiottirl@nature.com,vleadbetterrl,30kN3dXU,http://dummyimage.com/161x147.bmp/dddddd/000000
tlorkingsrm@prweb.com,bsuggerm,ZJqH50Lsh,http://dummyimage.com/102x250.jpg/5fa2dd/ffffff
ebenezeitrn@tinyurl.com,jlachezern,LBzsMbjrAz,http://dummyimage.com/250x206.bmp/dddddd/000000
cvaughtenro@blogs.com,ihughesdonro,35yZsAP,http://dummyimage.com/141x220.png/dddddd/000000
rhartridgerp@google.com.hk,bshankrp,ECz9TOc5U,http://dummyimage.com/154x239.bmp/5fa2dd/ffffff
rwigleyrq@topsy.com,megleserq,f4bBQIM,http://dummyimage.com/138x191.bmp/cc0000/ffffff
wstonaryrr@dropbox.com,jfabbrirr,V8QZzixO,http://dummyimage.com/140x163.png/ff4444/ffffff
